met,conc,conc_lb,conc_ub
10fthf[c],0.0473788223615925,0,0.1
12dgr120[c],0.0288211288283491,0,0.1
12dgr120[p],0.0473788223615925,0,0.1
12dgr140[c],0.00846515355047367,0,0.1
12dgr140[p],0.0473788223615925,0,0.1
12dgr141[c],0.00020055432811125,0,0.1
12dgr141[p],0.00260733617830443,0,0.1
12dgr160[c],0.0103109553440608,0,0.1
12dgr160[p],0.00184728553547587,0,0.1
12dgr161[c],0.0473788223615922,0,0.1
12dgr161[p],0.0141492210285791,0,0.1
12dgr180[c],0.000247004460625851,0,0.1
12dgr180[p],0.0473788223615925,0,0.1
12dgr181[c],0.0288211288283491,0,0.1
12dgr181[p],0.0473788223615925,0,0.1
12ppd-R[c],0.0047534049487699,0,0.1
12ppd-R[e],0.0526211776384076,0,0.1
12ppd-R[p],0.0473788223615925,0,0.1
12ppd-S[c],0.000455358101743495,0,0.1
12ppd-S[e],0.0111704318031609,0,0.1
12ppd-S[p],0.00158734661917994,0,0.1
13dpg[c],0.00240784044227134,0,0.1
14glucan[c],0.000260239096792394,0,0.1
14glucan[e],0.0473788223615924,0,0.1
14glucan[p],0.0288211288283491,0,0.1
15dap[c],0.0473788223615924,0,0.1
15dap[e],0.0473788223615924,0,0.1
15dap[p],0.0644345609835965,0,0.1
1agpe120[p],0.0295203238995385,0,0.1
1agpe140[p],0.0473788223615924,0,0.1
1agpe141[p],0.000558585285848854,0,0.1
1agpe160[p],0.0473788223615921,0,0.1
1agpe161[p],0.00148999404804112,0,0.1
1agpe180[p],0.0473788223615925,0,0.1
1agpe181[p],0.000651597842075237,0,0.1
1agpg120[p],0.0473788223615924,0,0.1
1agpg140[p],0.0473788223615925,0,0.1
1agpg141[p],0.0473788223615925,0,0.1
1agpg160[p],0.0473788223615925,0,0.1
1agpg161[p],0.0473788223615925,0,0.1
1agpg180[p],0.0473788223615925,0,0.1
1agpg181[p],0.0473788223615925,0,0.1
1ddecg3p[c],0.0473788223615925,0,0.1
1ddecg3p[p],0.000241046119243494,0,0.1
1hdec9eg3p[c],0.0473788223615925,0,0.1
1hdec9eg3p[p],0.000201615620742604,0,0.1
1hdecg3p[c],0.0167047422782476,0,0.1
1hdecg3p[p],0.0473788223615925,0,0.1
1odec11eg3p[c],0.0473788223615925,0,0.1
1odec11eg3p[p],0.00276436561362084,0,0.1
1odecg3p[c],0.0473788223615925,0,0.1
1odecg3p[p],0.00021673374372198,0,0.1
1pyr5c[c],0.00651581261472365,0,0.1
1tdec7eg3p[c],0.00443816482877883,0,0.1
1tdec7eg3p[p],0.0473788223615925,0,0.1
1tdecg3p[c],0.0281168800342022,0,0.1
1tdecg3p[p],0.0473788223615925,0,0.1
23camp[e],0.0177450299566452,0,0.1
23camp[p],0.0473788223615924,0,0.1
23ccmp[e],0.0473788223615924,0,0.1
23ccmp[p],0.0644345609835965,0,0.1
23cgmp[e],0.000269555668311132,0,0.1
23cgmp[p],0.00175930829082835,0,0.1
23cump[e],0.0473788223615924,0,0.1
23cump[p],0.0263596479177864,0,0.1
23dappa[c],0.00962518992463381,0,0.1
23dappa[e],0.0473788223615924,0,0.1
23dappa[p],0.0644345609835965,0,0.1
23ddhb[c],0.00146818476686258,0,0.1
23dhb[c],0.000140299303527659,0.000117,0.000164
23dhba[c],0.00197335564076172,0,0.1
23dhbzs[c],0.000566432291503615,0,0.1
23dhdp[c],0.000649000713552109,0,0.1
23dhmb[c],0.0473788223615924,0,0.1
23dhmp[c],0.0069091865992667,0,0.1
23doguln[c],0.000292937361984905,0,0.1
25aics[c],0.0375726582587763,0,0.1
25dkglcn[c],0.0473788223615925,0,0.1
25drapp[c],0.00318526927823486,0,0.1
26dap-LL[c],0.0473788223615924,0,0.1
26dap-M[c],0.0473788223615925,0,0.1
26dap-M[e],0.0473788223615925,0,0.1
26dap-M[p],0.00822892841828225,0,0.1
2agpe120[c],0.000481438428748415,0,0.1
2agpe120[p],0.0473788223615925,0,0.1
2agpe140[c],0.0262490484753302,0,0.1
2agpe140[p],0.00201687094823194,0,0.1
2agpe141[c],0.00308342852176499,0,0.1
2agpe141[p],0.0526211776384076,0,0.1
2agpe160[c],0.0473788223615925,0,0.1
2agpe160[p],0.0473788223615924,0,0.1
2agpe161[c],0.0335817986996202,0,0.1
2agpe161[p],0.000604362119876178,0,0.1
2agpe180[c],0.00125795655175111,0,0.1
2agpe180[p],0.000393689623917609,0,0.1
2agpe181[c],0.000492290707417568,0,0.1
2agpe181[p],0.0473788223615925,0,0.1
2agpg120[c],0.0526211776384079,0,0.1
2agpg120[p],0.000314560757536329,0,0.1
2agpg140[c],0.00209527696450606,0,0.1
2agpg140[p],0.0108014075643543,0,0.1
2agpg141[c],0.000612115871483993,0,0.1
2agpg141[p],0.0473788223615925,0,0.1
2agpg160[c],0.0473788223615925,0,0.1
2agpg160[p],0.00103050717709646,0,0.1
2agpg161[c],0.0473788223615924,0,0.1
2agpg161[p],0.0473788223615921,0,0.1
2agpg180[c],0.000880943975629284,0,0.1
2agpg180[p],0.0473788223615925,0,0.1
2agpg181[c],0.0473788223615925,0,0.1
2agpg181[p],0.000183481160409401,0,0.1
2ahbut[c],0.0473788223615925,0,0.1
2amsa[c],0.00201511288688374,0,0.1
2aobut[c],0.0473788223615925,0,0.1
2cpr5p[c],0.000690581290903613,0,0.1
2dda7p[c],0.0473788223615924,0,0.1
2ddecg3p[c],0.000184970576277935,0,0.1
2ddecg3p[p],0.0473788223615925,0,0.1
2ddg6p[c],0.0473788223615925,0,0.1
2ddglcn[c],0.000735353974134758,0,0.1
2ddglcn[e],0.0473788223615925,0,0.1
2ddglcn[p],0.0644345609835965,0,0.1
2dh3dgal6p[c],0.000332405604916062,0,0.1
2dh3dgal[c],0.0473788223615924,0,0.1
2dhglcn[c],0.0102867489077337,0,0.1
2dhguln[c],0.00116347793969172,0,0.1
2dhp[c],0.0473788223615924,0,0.1
2dmmq8[c],0.0473788223615925,0,0.1
2dmmql8[c],0.000466480613647759,0,0.1
2dr1p[c],0.0249610148590463,0,0.1
2dr5p[c],0.00104856106777965,4.82e-05,0.0019
2h3oppan[c],0.000550065421351229,0,0.1
2hdec9eg3p[c],0.0473788223615925,0,0.1
2hdec9eg3p[p],0.0473788223615924,0,0.1
2hdecg3p[c],0.00142762558636226,0,0.1
2hdecg3p[p],0.0473788223615925,0,0.1
2ippm[c],0.00105902162503517,0,0.1
2kmb[c],0.0140923348638435,0,0.1
2mahmp[c],0.00575365376478193,0,0.1
2mcacn[c],0.0473788223615924,0,0.1
2mcit[c],0.0473788223615924,0,0.1
2me4p[c],0.000282241695410773,0,0.1
2mecdp[c],0.0362667453779658,0,0.1
2obut[c],0.000942819383095447,0,0.1
2odec11eg3p[c],0.0473788223615925,0,0.1
2odec11eg3p[p],0.0132456437837688,0,0.1
2odecg3p[c],0.0473788223615925,0,0.1
2odecg3p[p],0.000850150223362772,0,0.1
2ohph[c],0.000265846341952182,0,0.1
2ombzl[c],0.0473788223615925,0,0.1
2omhmbl[c],0.00542707362709797,0,0.1
2ommbl[c],0.00425362505199093,0,0.1
2omph[c],0.000287775806519953,0,0.1
2oph[c],0.000807109488468615,0,0.1
2p4c2me[c],0.0473788223615924,0,0.1
2pg[c],0.0473788223615924,0,0.1
2pglyc[c],0.000397835467580193,0,0.1
2shchc[c],0.00028171979101331,0,0.1
2tdec7eg3p[c],0.0473788223615925,0,0.1
2tdec7eg3p[p],0.0280825362799068,0,0.1
2tdecg3p[c],0.000314211044559572,0,0.1
2tdecg3p[p],0.000883646164665896,0,0.1
2tpr3dpcoa[c],0.00132612325749186,0,0.1
34dhpac[e],0.0473788223615924,0,0.1
34dhpac[p],0.00839991303106286,0,0.1
34hpp[c],0.0473788223615924,0,0.1
3amp[e],0.000877020503380159,0,0.1
3amp[p],0.00577689627936675,0,0.1
3c2hmp[c],0.000256497219450539,0,0.1
3c3hmp[c],0.00125493345739438,0,0.1
3c4mop[c],0.0473788223615921,0,0.1
3cmp[e],0.00625684565822006,0,0.1
3cmp[p],0.0331239675142699,0,0.1
3dhguln[c],0.0473788223615925,0,0.1
3dhgulnp[c],0.0473788223615925,0,0.1
3dhq[c],0.000286207760669658,0,0.1
3dhsk[c],0.0166019106913154,0,0.1
3gmp[e],0.0106238920614695,0,0.1
3gmp[p],0.000441840288377493,0,0.1
3haACP[c],0.00021312356756841,0,0.1
3hbcoa[c],0.00126358419641448,0,0.1
3hcddec5eACP[c],0.0473788223615925,0,0.1
3hcinnm[c],0.0473788223615925,0,0.1
3hcinnm[e],0.0473788223615925,0,0.1
3hcinnm[p],0.00123800504045538,0,0.1
3hcmrs7eACP[c],0.0473788223615925,0,0.1
3hcpalm9eACP[c],0.0473788223615925,0,0.1
3hcvac11eACP[c],0.000721527396841934,0,0.1
3hdcoa[c],0.0473788223615925,0,0.1
3hddcoa[c],0.0473788223615925,0,0.1
3hddecACP[c],0.000227095542462169,0,0.1
3hdecACP[c],0.0473788223615925,0,0.1
3hhcoa[c],0.0473788223615924,0,0.1
3hhdcoa[c],0.0473788223615925,0,0.1
3hhexACP[c],0.000615931688544783,0,0.1
3hmrsACP[c],0.000257098364893501,0,0.1
3hocoa[c],0.0360511927368809,0,0.1
3hoctACP[c],0.0473788223615925,0,0.1
3hoctaACP[c],0.0473788223615925,0,0.1
3hodcoa[c],0.0473788223615925,0,0.1
3hpalmACP[c],0.0473788223615925,0,0.1
3hpppn[c],0.000210775206258364,0,0.1
3hpppn[e],0.0473788223615924,0,0.1
3hpppn[p],0.0644345609835965,0,0.1
3htdcoa[c],0.0473788223615925,0,0.1
3ig3p[c],0.0015645142354719,0,0.1
3mob[c],0.0473788223615925,0,0.1
3mop[c],0.00345936401723488,0,0.1
3ocddec5eACP[c],0.0473788223615925,0,0.1
3ocmrs7eACP[c],0.00103105779672097,0,0.1
3ocpalm9eACP[c],0.0473788223615921,0,0.1
3ocvac11eACP[c],0.0253944854006041,0,0.1
3odcoa[c],0.0537673697142234,0,0.1
3oddcoa[c],0.000404465933105861,0,0.1
3oddecACP[c],0.0473788223615924,0,0.1
3odecACP[c],0.000850599156810442,0,0.1
3ohcoa[c],0.0447684370319814,0,0.1
3ohdcoa[c],0.0473788223615925,0,0.1
3ohexACP[c],0.0526211776384075,0,0.1
3omrsACP[c],0.0473788223615925,0,0.1
3oocoa[c],0.000241055373324425,0,0.1
3ooctACP[c],0.00934882630860815,0,0.1
3ooctdACP[c],0.00226698220142082,0,0.1
3oodcoa[c],0.0473788223615925,0,0.1
3opalmACP[c],0.000268391633765505,0,0.1
3ophb[c],0.000244073491998265,0,0.1
3otdcoa[c],0.00366515634993402,0,0.1
3pg[c],0.00154343804384576,0.00151,0.00158
3php[c],0.0473788223615925,0,0.1
3psme[c],0.000373738352249065,0,0.1
3sala[c],0.0473788223615925,0,0.1
3ump[e],0.0117128386140363,0,0.1
3ump[p],0.0143879689041722,0,0.1
4abut[c],0.000581990196382463,0,0.1
4abut[e],0.0473788223615925,0,0.1
4abut[p],0.0644345609835965,0,0.1
4abutn[c],0.000464676564345753,0,0.1
4abz[c],0.000936687467191511,0,0.1
4adcho[c],0.0473788223615924,0,0.1
4ahmmp[c],0.0473788223615924,0,0.1
4ampm[c],0.00269247170877027,0,0.1
4c2me[c],0.0473788223615925,0,0.1
4h2opntn[c],0.0473788223615925,0,0.1
4hba[c],0.0473788223615925,0,0.1
4hbz[c],5.28769919510732e-05,4.43e-05,6.15e-05
4hoxpacd[e],0.0473788223615925,0,0.1
4hoxpacd[p],0.0163540706898538,0,0.1
4hthr[c],0.00872703330672669,0,0.1
4mhetz[c],0.0473788223615925,0,0.1
4mop[c],0.00465674320680823,0,0.1
4mpetz[c],0.000459021934307661,0,0.1
4pasp[c],0.000244429556914172,0,0.1
4per[c],0.0473788223615921,0,0.1
4ppan[c],0.0473788223615924,0,0.1
4ppcys[c],0.000308991305433675,0,0.1
4r5au[c],0.0473788223615925,0,0.1
5aizc[c],0.0633612521340658,0,0.1
5aop[c],0.0473788223615924,0,0.1
5aprbu[c],0.0275135465452072,0,0.1
5apru[c],0.00120022501033807,0,0.1
5caiz[c],0.0473788223615925,0,0.1
5dglcn[c],0.0473788223615925,0,0.1
5dglcn[e],0.0473788223615925,0,0.1
5dglcn[p],0.0644345609835965,0,0.1
5dh4dglc[c],0.036724318483799,0,0.1
5drib[c],0.000628883631221092,0,0.1
5mdr1p[c],0.0164392647794471,0,0.1
5mdru1p[c],0.0239878534869595,0,0.1
5mta[c],0.000573245910146189,0,0.1
5mthf[c],0.0134844903046473,0,0.1
5mtr[c],0.00128230885273915,0,0.1
5prdmbz[c],0.000317370931296247,0,0.1
6hmhpt[c],0.00273929667555177,0,0.1
6hmhptpp[c],0.00079360590245609,0,0.1
6pgc[c],0.00376997522999399,0.00369,0.00385
6pgl[c],0.000472052622259395,0,0.1
8aonn[c],0.000508897370460945,0,0.1
ACP[c],0.0526211776384075,0,0.1
LalaDgluMdapDala[c],0.0473788223615925,0,0.1
LalaDgluMdapDala[e],0.0473788223615924,0,0.1
LalaDgluMdapDala[p],0.0288211288283489,0,0.1
LalaDgluMdap[c],0.00594703458912213,0,0.1
LalaDgluMdap[e],0.0473788223615925,0,0.1
LalaDgluMdap[p],0.0644345609835965,0,0.1
LalaDglu[c],0.00130670791862839,0,0.1
LalaLglu[c],0.00181844671084596,0,0.1
N1aspmd[c],0.0473788223615925,0,0.1
Nmtrp[c],0.00147428417289692,0,0.1
Sfglutth[c],0.0473788223615925,0,0.1
aacald[c],0.00121776174821364,0,0.1
aacoa[c],2.47036246126288e-05,1.37e-05,3.47e-05
aact[c],0.0473788223615925,0,0.1
acACP[c],0.0473788223615925,0,0.1
ac[c],0.0473788223615925,0,0.1
ac[e],0.0002104200749733,0,0.1
ac[p],0.00235322885941586,0,0.1
acac[c],0.00174533101191116,0,0.1
acac[e],0.000516542149842041,0,0.1
acac[p],0.000308427023219752,0,0.1
acald[c],0.0473788223615924,0,0.1
acald[e],0.0473788223615925,0,0.1
acald[p],0.000509692325074709,0,0.1
acanth[c],0.0473788223615925,0,0.1
accoa[c],0.000612123758578871,0.000529,0.000694
acetol[c],0.000225082845399047,0,0.1
acg5p[c],0.00530675290432909,0,0.1
acg5sa[c],0.0473788223615924,0,0.1
acgal1p[e],0.00176650609015048,0,0.1
acgal1p[p],0.0473788223615924,0,0.1
acgal[e],0.0473788223615924,0,0.1
acgal[p],0.0644345609835965,0,0.1
acgam1p[c],8.24602205839595e-05,7.25e-05,9.26e-05
acgam1p[e],8.24602205839595e-05,7.25e-05,9.26e-05
acgam1p[p],8.24402668414461e-05,7.25e-05,9.26e-05
acgam6p[c],0.0473788223615925,0,0.1
acgam[c],0.00629776199810313,0,0.1
acgam[e],0.00242630593149651,0,0.1
acgam[p],0.00218513338354815,0,0.1
acglc-D[c],0.00152425074151889,0,0.1
acglu[c],0.0473788223615925,0,0.1
acmalt[c],0.000395680052502336,0,0.1
acmana[c],0.000255001762030282,0,0.1
acmana[e],0.0473788223615925,0,0.1
acmana[p],0.0644345609835965,0,0.1
acmanap[c],0.000909422037506809,0,0.1
acmum6p[c],0.0110269066285431,0,0.1
acmum[e],0.0473788223615924,0,0.1
acmum[p],0.0018913398224571,0,0.1
acnam[c],0.00222409003198756,0,0.1
acnam[e],0.0473788223615925,0,0.1
acnam[p],0.0644345609835965,0,0.1
acolipa[e],0.000239473754556525,0,0.1
acolipa[p],0.0473788223615925,0,0.1
acon-C[c],1.62922922763709e-05,1.38e-05,1.88e-05
acon-T[c],0.0473788223615921,0,0.1
aconm[c],0.0473788223615921,0,0.1
acorn[c],4.91772533174748e-05,2.71e-05,6.94e-05
acser[c],0.00106226916998408,0,0.1
acser[e],0.00177488075176504,0,0.1
acser[p],0.0256633575040877,0,0.1
actACP[c],0.000666215338798294,0,0.1
actp[c],0.00107347441741128,0.00102,0.00113
ade[c],1.48072876223853e-06,1.26e-06,1.71e-06
ade[e],1.40218283093342e-06,1.26e-06,1.71e-06
ade[p],1.48260468055775e-06,1.26e-06,1.71e-06
adn[c],1.36047258146917e-07,9.44e-08,1.82e-07
adn[e],1.35994616983337e-07,9.44e-08,1.82e-07
adn[p],1.35994630775689e-07,9.44e-08,1.82e-07
adocbi[c],0.000455502422160765,0,0.1
adocbip[c],0.000574554790265845,0,0.1
adocbl[c],0.0473788223615925,0,0.1
adocbl[e],0.00155473181116014,0,0.1
adocbl[p],0.0473788223615924,0,0.1
adp[c],0.000571806031167769,0.000437,0.000704
adpglc[c],4.71193749171025e-06,2.83e-06,6.44e-06
adphep-DD[c],0.0473788223615925,0,0.1
adphep-LD[c],0.000707356814757359,0,0.1
adprib[c],0.0473788223615925,0,0.1
ag[c],0.000267462639940892,0,0.1
ag[e],0.0473788223615925,0,0.1
agdpcbi[c],0.0553270686733744,0,0.1
agm[c],0.00980133330237348,0,0.1
agm[e],0.0473788223615925,0,0.1
agm[p],0.0644345609836207,0,0.1
ahcys[c],0.000373297784853142,0,0.1
ahdt[c],0.0473788223615925,0,0.1
aicar[c],0.0473788223615925,0,0.1
air[c],0.0473788223615925,0,0.1
akg[c],0.000315125675782087,0.000312,0.000631
akg[e],0.000465251569901855,0.000312,0.000631
akg[p],0.00047570337396805,0.000312,0.000631
ala-B[c],0.000955525965982434,0,0.1
ala-B[e],0.0001925189583182,0,0.1
ala-B[p],0.00682443496735106,0,0.1
ala-D[c],0.00536042238686257,0,0.1
ala-D[e],0.00732356271697196,0,0.1
ala-D[p],0.0473788223615925,0,0.1
ala-L[c],0.00236805683577778,0.00232,0.0028
ala-L[e],0.00246629588179139,0.00232,0.0028
ala-L[p],0.00252597747304518,0.00232,0.0028
alaala[c],0.00164510614741576,0,0.1
alaala[e],0.00217226612075571,0,0.1
alaala[p],0.000246165740483272,0,0.1
alac-S[c],0.0187655187284211,0,0.1
alatrna[c],0.0473788223615925,0,0.1
all6p[c],0.0473788223615925,0,0.1
all-D[c],0.0473788223615925,0,0.1
all-D[e],0.0473788223615925,0,0.1
all-D[p],0.000519085882535384,0,0.1
alltn[c],0.0473788223615924,0,0.1
alltn[e],0.000191414703961002,0,0.1
alltn[p],0.0473788223615924,0,0.1
alltt[c],0.00134073654225272,0,0.1
allul6p[c],0.0473788223615924,0,0.1
alpp[p],0.001981832938818,0,0.1
altrn[c],0.0473788223615924,0,0.1
amet[c],0.00020498801567893,0.000119,0.000284
ametam[c],0.0473788223615925,0,0.1
amob[c],0.0473788223615925,0,0.1
amp[c],0.000283788791461054,0.000232,0.000341
amp[e],0.000286555170668583,0.000232,0.000341
amp[p],0.000285957045819892,0.000232,0.000341
anhgm3p[c],0.000918488806755812,0,0.1
anhgm3p[p],0.00312565207831978,0,0.1
anhgm4p[c],0.0473788223615925,0,0.1
anhgm4p[p],0.0473788223615924,0,0.1
anhgm[c],0.0473788223615924,0,0.1
anhgm[e],0.0063266820474879,0,0.1
anhgm[p],0.0473788223615924,0,0.1
anhm3p[c],0.0473788223615925,0,0.1
anhm4p[c],0.000251993974754279,0,0.1
anhm[c],0.0231177314474658,0,0.1
anth[c],3.47694376329573e-06,3.34e-06,3.62e-06
ap4a[c],0.0473788223615924,0,0.1
ap5a[c],0.0473788223615924,0,0.1
apg120[c],0.0473788223615925,0,0.1
apg140[c],0.00983642628761712,0,0.1
apg141[c],0.000643194621602269,0,0.1
apg160[c],0.028821128828344,0,0.1
apg161[c],0.00274076100169381,0,0.1
apg180[c],0.0473788223615924,0,0.1
apg181[c],0.028821128828344,0,0.1
apoACP[c],0.00442008142795231,0,0.1
aps[c],6.88993115371214e-06,5.1e-06,8.62e-06
ara5p[c],0.00360324630291741,0,0.1
arab-L[c],0.00121506784991424,0,0.1
arab-L[e],0.0473788223615925,0,0.1
arab-L[p],0.0135390336667333,0,0.1
aragund[c],0.000568494284229299,0,0.1
arbt6p[c],0.000584905928208369,0,0.1
arbtn-fe3[c],0.0473788223615925,0,0.1
arbtn-fe3[e],0.00146062873914095,0,0.1
arbtn-fe3[p],0.000263984771719635,0,0.1
arbtn[c],0.0526211776384076,0,0.1
arbtn[e],0.0473788223615925,0,0.1
arbtn[p],0.0473788223615924,0,0.1
arg-L[c],0.000535809702106418,0.000479,0.000675
arg-L[e],0.000540890853994881,0.000479,0.000675
arg-L[p],0.000576988829882748,0.000479,0.000675
argsuc[c],0.0473788223615925,0,0.1
argtrna[c],0.0081330120899183,0,0.1
ascb6p[c],0.0473788223615925,0,0.1
ascb-L[e],0.00203633809975278,0,0.1
ascb-L[p],0.000841588777961337,0,0.1
asn-L[c],0.000509767715421598,0.000442,0.000592
asn-L[e],0.000516159473102954,0.000442,0.000592
asn-L[p],0.000516317979407311,0.000442,0.000592
asntrna[c],0.00887877959699412,0,0.1
aso3[c],0.0473788223615925,0,0.1
aso3[e],0.0473788223615924,0,0.1
aso3[p],0.0119303780131423,0,0.1
aso4[c],0.0473788223615924,0,0.1
asp-L[c],0.00368478927162306,0.00356,0.00504
asp-L[e],0.00423226074425166,0.00356,0.00504
asp-L[p],0.00420800434799126,0.00356,0.00504
aspsa[c],0.000831038226274721,0,0.1
asptrna[c],0.0473788223615925,0,0.1
athr-L[c],0.0473788223615924,0,0.1
atp[c],0.0094645289380321,0.00813,0.0114
b2coa[c],0.000262809207831731,0,0.1
bbtcoa[c],0.0173616954027672,0,0.1
betald[c],0.0473788223615925,0,0.1
bglycogen[c],0.0473788223615924,0,0.1
btal[c],0.000905566463937009,0,0.1
btcoa[c],0.0184061369805241,0,0.1
btn[c],0.0473788223615925,0,0.1
btnso[c],0.00124443392377128,0,0.1
but2eACP[c],0.0019280266373444,0,0.1
butACP[c],0.0473788223615921,0,0.1
but[c],0.000257798005137715,0,0.1
but[e],0.0010368308109187,0,0.1
but[p],0.0473788223615921,0,0.1
butso3[c],0.00356918899130338,0,0.1
butso3[e],0.000747695009247062,0,0.1
butso3[p],0.000776100431549819,0,0.1
ca2[c],0.000220497588923558,0,0.1
ca2[e],0.00689867597146915,0,0.1
ca2[p],0.0138501520609317,0,0.1
camp[c],3.59644932949272e-05,2.82e-05,4.39e-05
cbasp[c],0.000661852741066197,0.000364,0.000955
cbi[c],0.0526211776384076,0,0.1
cbi[e],0.000250647177313444,0,0.1
cbi[p],0.000373777916890911,0,0.1
cbl1[c],0.00116623211910946,0,0.1
cbl1[e],0.0473788223615924,0,0.1
cbl1[p],0.0473788223615925,0,0.1
cbp[c],0.00670596322646525,0,0.1
cd2[c],0.0190612705815541,0,0.1
cd2[e],0.00332257383338209,0,0.1
cd2[p],0.000671417346089125,0,0.1
cddec5eACP[c],0.00208440262706814,0,0.1
cdec3eACP[c],0.028821128828344,0,0.1
cdp[c],0.0473788223615925,0,0.1
cdpdddecg[c],0.000784073429293321,0,0.1
cdpdhdec9eg[c],0.0473788223615925,0,0.1
cdpdhdecg[c],0.000235737366919768,0,0.1
cdpdodec11eg[c],0.0472680846666915,0,0.1
cdpdodecg[c],0.00847178056670795,0,0.1
cdpdtdec7eg[c],0.0473788223615924,0,0.1
cdpdtdecg[c],0.0473788223615924,0,0.1
cechddd[c],0.00234569238945535,0,0.1
cenchddd[c],0.000430377490554638,0,0.1
cgly[c],0.000681290259445068,0,0.1
cgly[e],0.000774878895501173,0,0.1
cgly[p],0.0473788223615925,0,0.1
chol[c],0.0473788223615924,0,0.1
chol[e],0.0473788223615925,0,0.1
chol[p],0.0288211288283622,0,0.1
chor[c],0.000188600177327051,0,0.1
cinnm[c],0.0473788223615925,0,0.1
cit[c],0.00220164728090734,0.0011,0.00348
cit[e],0.0014425139040154,0.0011,0.00348
cit[p],0.00153075601571884,0.0011,0.00348
citr-L[c],0.0013540905693719,0.00123,0.00148
ckdo[c],0.00252633009684883,0,0.1
cl[c],0.00279890606131791,0,0.1
cl[e],0.00497439993120991,0,0.1
cl[p],0.000256100154769104,0,0.1
clpn120[p],0.000253425122400551,0,0.1
clpn140[p],0.0473788223615924,0,0.1
clpn141[p],0.000579355831993654,0,0.1
clpn160[p],0.0473788223615925,0,0.1
clpn161[p],0.0473788223615924,0,0.1
clpn180[p],0.0108691504009844,0,0.1
clpn181[p],0.0473788223615925,0,0.1
cmp[c],0.000418691252229581,0.000187,0.000694
cmp[e],0.00044948416441354,0.000187,0.000694
cmp[p],0.000455712651293258,0.000187,0.000694
co2[c],6.28068e-05,5.0245e-05,7.5368e-05
co2[e],0.0473788223615925,0,0.1
co2[p],0.000614995027946238,0,0.1
coa[c],8.85099585889109e-05,8.83e-05,0.0212
cobalt2[c],0.000941136330000144,0,0.1
cobalt2[e],0.00078135499157983,0,0.1
cobalt2[p],0.00627391347284764,0,0.1
colipa[c],0.000263702474491604,0,0.1
colipa[e],0.0473788223615921,0,0.1
colipa[p],0.00824062859610121,0,0.1
cpe160[c],0.00477482370995632,0,0.1
cpe180[c],0.00149381962352375,0,0.1
cpg160[c],0.0473788223615925,0,0.1
cpg180[c],0.000399499779045418,0,0.1
cpgn-un[c],0.0473788223615925,0,0.1
cpgn-un[e],0.0473788223615925,0,0.1
cpgn-un[p],0.0473788223615925,0,0.1
cpgn[c],0.0473788223615924,0,0.1
cpgn[e],0.0473788223615924,0,0.1
cpgn[p],0.00313948267362196,0,0.1
cpppg3[c],0.00257011730212346,0,0.1
crnDcoa[c],0.000418842051654498,0,0.1
crn-D[c],0.00116851905279594,0,0.1
crn-D[p],0.0473788223615925,0,0.1
crn[c],0.0473788223615924,0,0.1
crn[e],0.0473788223615924,0,0.1
crn[p],0.0288211288283622,0,0.1
crncoa[c],0.0473788223615924,0,0.1
csn[c],1.61562275197837e-05,8.65e-06,2.29e-05
csn[e],1.61217509287036e-05,8.65e-06,2.29e-05
csn[p],1.61504334844515e-05,8.65e-06,2.29e-05
ctbt[c],0.00050466152699192,0,0.1
ctbt[p],0.0473788223615925,0,0.1
ctbtcoa[c],0.00814951921347281,0,0.1
ctp[c],0.00277704754353502,0.00227,0.00327
cu2[c],0.00295152918425832,0,0.1
cu2[e],0.000488294624426081,0,0.1
cu2[p],0.0473788223615924,0,0.1
cu[c],0.0473788223615924,0,0.1
cu[e],0.0473788223615925,0,0.1
cu[p],0.000257064698252215,0,0.1
cyan[c],0.0473788223615925,0,0.1
cyan[e],0.000416704767100593,0,0.1
cyan[p],0.0473788223615925,0,0.1
cynt[c],0.0288211288283517,0,0.1
cynt[e],0.0473788223615925,0,0.1
cynt[p],0.0644345609835948,0,0.1
cys-D[c],0.0473788223615925,0,0.1
cys-D[e],0.00152331082802241,0,0.1
cys-D[p],0.000664863599481576,0,0.1
cys-L[c],0.0473788223615925,0,0.1
cys-L[e],0.0473788223615925,0,0.1
cys-L[p],0.0464876980914922,0,0.1
cyst-L[c],0.000428728680985613,0,0.1
cystrna[c],0.00148193058057267,0,0.1
cytd[c],3.61060225226253e-06,1.18e-06,5.67e-06
cytd[e],3.1847394643115e-06,1.18e-06,5.67e-06
cytd[p],3.61069754639378e-06,1.18e-06,5.67e-06
dad-2[c],3.16563438617235e-06,1.8e-06,4.41e-06
dad-2[e],3.00757584087506e-06,1.8e-06,4.41e-06
dad-2[p],3.16564565168176e-06,1.8e-06,4.41e-06
dad-5[c],0.000619155007075166,0,0.1
dadp[c],0.0473788223615924,0,0.1
damp[c],1.56308990978855e-05,2.99e-06,2.62e-05
damp[e],1.56380372657539e-05,2.99e-06,2.62e-05
damp[p],2.61753738862033e-05,2.99e-06,2.62e-05
dann[c],0.00160885864156909,0,0.1
datp[c],1.96099231173712e-05,8.13e-06,2.96e-05
db4p[c],0.00800465440870951,0,0.1
dc2coa[c],0.00184835824172255,0,0.1
dcaACP[c],0.00459777162328521,0,0.1
dca[c],0.0473788223615924,0,0.1
dca[e],0.0473788223615924,0,0.1
dca[p],0.000485052896373335,0,0.1
dcacoa[c],0.00224422057968339,0,0.1
dcamp[c],0.000201322190035634,0,0.1
dcdp[c],0.00102900288836217,0,0.1
dcmp[c],0.0473788223615925,0,0.1
dcmp[e],0.0157055268376461,0,0.1
dcmp[p],0.000301181172499028,0,0.1
dctp[c],3.60170951251973e-05,2.6e-05,4.57e-05
dcyt[c],0.00949490953656713,0,0.1
dcyt[e],0.000396242740855395,0,0.1
dcyt[p],0.000598984032151042,0,0.1
dd2coa[c],0.000185877770146691,0,0.1
ddcaACP[c],0.00185480188195202,0,0.1
ddca[c],0.0473788223615925,0,0.1
ddca[e],0.000938701870927895,0,0.1
ddca[p],0.000652591585836348,0,0.1
ddcacoa[c],0.00246907782187193,0,0.1
dgdp[c],0.0473788223615925,0,0.1
dgmp[c],5.26203673899166e-05,3.91e-05,6.58e-05
dgmp[e],5.2608303156323e-05,3.91e-05,6.58e-05
dgmp[p],6.46456978579421e-05,3.91e-05,6.58e-05
dgsn[c],5.3414930611011e-07,4.11e-07,6.62e-07
dgsn[e],5.34180523593594e-07,4.11e-07,6.62e-07
dgsn[p],5.61692931620614e-07,4.11e-07,6.62e-07
dgtp[c],0.00149867857320625,0,0.1
dha[c],0.0231212548045593,0,0.1
dha[e],0.0473788223615924,0,0.1
dha[p],0.000216753270914247,0,0.1
dhap[c],0.003221232572193,0.0029029457297427,0.00322128291672943
dhcinnm[c],0.0473788223615925,0,0.1
dhf[c],0.0473788223615925,0,0.1
dhmptp[c],0.00107875850088854,0,0.1
dhna[c],0.0473788223615925,0,0.1
dhnpt[c],0.00142322226886522,0,0.1
dhor-S[c],1.19318100871605e-05,1.16e-05,1.23e-05
dhpmp[c],0.0103987815891202,0,0.1
dhpppn[c],0.0473788223615925,0,0.1
dhpt[c],0.0473788223615925,0,0.1
dhptd[c],0.00147081915409623,0,0.1
didp[c],0.0473788223615925,0,0.1
dimp[c],0.00072792980894617,0,0.1
dimp[e],0.0473788223615925,0,0.1
dimp[p],0.000198514562531505,0,0.1
din[c],0.00264110324573706,0,0.1
din[e],0.0473788223615925,0,0.1
din[p],0.00189257383903664,0,0.1
ditp[c],0.0473788223615924,0,0.1
dkmpp[c],0.000378019404505118,0,0.1
dmbzid[c],0.00537178821275695,0,0.1
dmlz[c],0.0473788223615925,0,0.1
dmpp[c],0.0473788223615925,0,0.1
dms[c],0.00173857317840922,0,0.1
dms[e],0.0473788223615925,0,0.1
dms[p],0.00294809873162558,0,0.1
dmso[c],0.0131883969043292,0,0.1
dmso[e],0.0473788223615925,0,0.1
dmso[p],0.0644345609835952,0,0.1
dnad[c],0.0473788223615925,0,0.1
dopa[e],0.00021709809457561,0,0.1
dopa[p],0.000271716059251283,0,0.1
dpcoa[c],0.000201380082843251,0,0.1
dsbaox[p],0.00191406656963022,0,0.1
dsbard[p],0.0473788223615925,0,0.1
dsbcox[p],0.0518168940382819,0,0.1
dsbcrd[p],0.00433771980323786,0,0.1
dsbdox[c],0.000358668557718717,0,0.1
dsbdrd[c],0.0473788223615925,0,0.1
dsbgox[p],0.0473788223615925,0,0.1
dsbgrd[p],0.0473788223615925,0,0.1
dscl[c],0.0158479468940326,0,0.1
dtbt[c],0.000258650470961262,0,0.1
dtdp4aaddg[c],0.0473788223615924,0,0.1
dtdp4addg[c],0.0473788223615924,0,0.1
dtdp4d6dg[c],0.0344642961483246,0,0.1
dtdp4d6dm[c],0.0473788223615925,0,0.1
dtdp[c],0.000378315012811771,0.000337,0.000426
dtdpglu[c],0.00205422017357402,0,0.1
dtdprmn[c],0.000720183580944813,0,0.1
dtmp[c],0.0261000166496112,0,0.1
dtmp[e],0.0355138541369067,0,0.1
dtmp[p],0.0526211776384075,0,0.1
dttp[c],0.0046265380423945,0.00421,0.00508
dudp[c],0.0473788223615924,0,0.1
dump[c],0.0473788223615925,0,0.1
dump[e],0.0473788223615925,0,0.1
dump[p],0.0644345609835952,0,0.1
duri[c],0.0473788223615925,0,0.1
duri[e],0.0473788223615925,0,0.1
duri[p],0.0644345609835952,0,0.1
dutp[c],0.0473788223615925,0,0.1
dxyl5p[c],0.00165623372188973,0,0.1
dxyl[c],0.0002943736741649,0,0.1
e4p[c],2.17268178510434e-05,0,0.1
eca2und[p],0.00307707178641658,0,0.1
eca3und[p],0.0473788223615925,0,0.1
eca4colipa[e],0.013724756847004,0,0.1
eca4colipa[p],0.00677746801139762,0,0.1
eca4und[p],0.0473788223615925,0,0.1
eig3p[c],0.0019926357724381,0,0.1
enlipa[e],0.00381626382045673,0,0.1
enlipa[p],0.000477969844331607,0,0.1
enter[c],0.0014341204593746,0,0.1
enter[e],0.000947615218547429,0,0.1
enter[p],0.0473788223615925,0,0.1
etha[c],0.0526211776384076,0,0.1
etha[e],0.00421255075105757,0,0.1
etha[p],0.0473788223615925,0,0.1
ethso3[c],0.0473788223615925,0,0.1
ethso3[e],0.000204745478133204,0,0.1
ethso3[p],0.00223003432416147,0,0.1
etoh[c],0.0473788223615924,0,0.1
etoh[e],0.00177696685753464,0,0.1
etoh[p],0.000361276647961294,0,0.1
f1p[c],0.0473788223615925,0,0.1
f6p[c],0.00194173799937719,0,0.1
f6p[e],0.000331336930353833,0,0.1
f6p[p],0.000472043454069876,0,0.1
fad[c],0.000213441967144746,9.33e-05,0.000319
fadh2[c],0.00318655475611186,0,0.1
fald[c],0.0473788223615925,0,0.1
fald[e],0.0259463207887465,0,0.1
fald[p],0.000212285847823062,0,0.1
fc1p[c],0.00228987023967039,0,0.1
fcl-L[c],0.00344786896807195,0,0.1
fdp[c],0.0140040721346749,0.014,0.0164
fe2[c],0.000495899375223501,0,0.1
fe2[e],0.00805280912660204,0,0.1
fe2[p],0.000362331477821053,0,0.1
fe3[c],0.0473788223615921,0,0.1
fe3[e],0.0473788223615924,0,0.1
fe3[p],0.00489121375434476,0,0.1
fe3dcit[e],0.0473788223615925,0,0.1
fe3dcit[p],0.0473788223615925,0,0.1
fe3dhbzs[c],0.0473788223615925,0,0.1
fe3dhbzs[e],0.0473788223615925,0,0.1
fe3dhbzs[p],0.00024230150323672,0,0.1
fe3hox-un[c],0.0473788223615924,0,0.1
fe3hox-un[e],0.000491617971495308,0,0.1
fe3hox-un[p],0.000576789746155666,0,0.1
fe3hox[c],0.000203275093256875,0,0.1
fe3hox[e],0.0473788223615924,0,0.1
fe3hox[p],0.0473788223615924,0,0.1
fecrm-un[c],0.0140256461600503,0,0.1
fecrm-un[e],0.000418786186542557,0,0.1
fecrm-un[p],0.000275710051976711,0,0.1
fecrm[c],0.0473788223615924,0,0.1
fecrm[e],0.0473788223615924,0,0.1
fecrm[p],0.00290737854960544,0,0.1
feenter[c],0.00220612962718087,0,0.1
feenter[e],0.0473788223615924,0,0.1
feenter[p],0.0473788223615925,0,0.1
feoxam-un[c],0.000402511373752774,0,0.1
feoxam-un[e],0.0473788223615925,0,0.1
feoxam-un[p],0.00692157644471563,0,0.1
feoxam[c],0.0450901904278853,0,0.1
feoxam[e],0.0473788223615925,0,0.1
feoxam[p],0.0473788223615924,0,0.1
fgam[c],0.0473788223615925,0,0.1
fldox[c],0.0018591471790155,0,0.1
fldrd[c],0.00270661066187656,0,0.1
fmettrna[c],0.000526477905593514,0,0.1
fmn[c],5.7129195717609e-05,3.84e-05,7.51e-05
fmnh2[c],0.0473788223615925,0,0.1
for[c],0.0348543822384326,0,0.1
for[e],0.0473788223615925,0,0.1
for[p],0.0644345609836126,0,0.1
fpram[c],0.00119409943911699,0,0.1
fprica[c],0.0473788223615925,0,0.1
frdp[c],0.00830751821765337,0,0.1
fru[c],0.0526211776384075,0,0.1
fru[e],0.0191877916622247,0,0.1
fru[p],0.00173911537553036,0,0.1
frulys[c],0.0473788223615925,0,0.1
frulys[e],0.000204017580616869,0,0.1
frulys[p],0.00858069451967307,0,0.1
frulysp[c],0.0473788223615925,0,0.1
fruur[c],0.00102268161619356,0,0.1
fruur[e],0.0473788223615924,0,0.1
fruur[p],0.00432746678466102,0,0.1
fuc-L[c],0.000376032775377281,0,0.1
fuc-L[e],0.0473788223615925,0,0.1
fuc-L[p],0.00331386681235008,0,0.1
fum[c],0.000185341090390885,3e-06,0.00442
fum[e],0.00102324665686815,3e-06,0.00442
fum[p],0.00231158559965208,3e-06,0.00442
g1p[c],0.000520517543631895,0,0.1
g1p[e],0.0473788223615925,0,0.1
g1p[p],0.000334107338949287,0,0.1
g3p[c],0.000307978971252833,0,0.1
g3pc[c],0.00287582817419639,0,0.1
g3pc[e],0.0473788223615922,0,0.1
g3pc[p],0.0644345609835806,0,0.1
g3pe[c],0.0526211776384075,0,0.1
g3pe[e],0.0473788223615925,0,0.1
g3pe[p],0.000797937702411079,0,0.1
g3pg[c],0.000425161581659348,0,0.1
g3pg[e],0.00107166309691946,0,0.1
g3pg[p],0.000375303232282431,0,0.1
g3pi[c],0.0192224753258363,0,0.1
g3pi[e],0.00118119172319613,0,0.1
g3pi[p],0.00879365215744131,0,0.1
g3ps[c],0.00832309924252364,0,0.1
g3ps[e],0.000625334109504596,0,0.1
g3ps[p],0.000261956468709644,0,0.1
g6p[c],0.00810826573437031,0.007587,0.008172
g6p[e],0.00784091339596389,0.007587,0.008172
g6p[p],0.00787808916268647,0.007587,0.008172
gagicolipa[c],0.000924058963543036,0,0.1
gal1p[c],0.000335961798255234,0,0.1
gal1p[e],0.0473788223615924,0,0.1
gal1p[p],0.0180129620549771,0,0.1
gal-bD[e],0.0242005513280775,0,0.1
gal-bD[p],0.0473788223615925,0,0.1
gal[c],0.0473788223615924,0,0.1
gal[e],0.0473788223615924,0,0.1
gal[p],0.00166244449587117,0,0.1
galct-D[c],0.00198313619892693,0,0.1
galct-D[e],0.0473788223615924,0,0.1
galct-D[p],0.0644345609835806,0,0.1
galctn-D[c],0.00139312918921185,0,0.1
galctn-D[e],0.0012954339136687,0,0.1
galctn-D[p],0.00222554836859832,0,0.1
galctn-L[c],0.0473788223615925,0,0.1
galctn-L[e],0.000592656136939591,0,0.1
galctn-L[p],0.0218820649663391,0,0.1
galt1p[c],0.0190038961040095,0,0.1
galt[e],0.0473788223615925,0,0.1
galt[p],0.000365059068136029,0,0.1
galur[c],0.00429481752149121,0,0.1
galur[e],0.0473788223615925,0,0.1
galur[p],0.000406078837645005,0,0.1
gam1p[c],0.00332186276757229,0,0.1
gam6p[c],0.00117300880455637,0.000959,0.00139
gam6p[e],0.00117344505875599,0.000959,0.00139
gam6p[p],0.00117352412568837,0.000959,0.00139
gam[e],0.000478599213715188,0,0.1
gam[p],0.00832427883331821,0,0.1
gar[c],0.00231064219783557,0,0.1
garagund[c],0.00104382613145477,0,0.1
gbbtn[c],0.000243356570119533,0,0.1
gbbtn[e],0.00025220737983867,0,0.1
gbbtn[p],0.0473788223615925,0,0.1
gcald[c],0.0473788223615925,0,0.1
gdp[c],0.000684872233875677,0.000499,0.000916
gdp[e],0.000613024815210029,0.000499,0.000916
gdp[p],0.000711697937875453,0.000499,0.000916
gdpddman[c],0.0086390041675408,0,0.1
gdpfuc[c],0.0473788223615924,0,0.1
gdpmann[c],0.0473788223615924,0,0.1
gdpofuc[c],0.00270838433594518,0,0.1
gdptp[c],0.0473788223615925,0,0.1
gfgaragund[c],0.0156807973328468,0,0.1
gg4abut[c],0.000489216717888191,0,0.1
ggagicolipa[c],0.0473788223615924,0,0.1
ggbutal[c],0.0473788223615925,0,0.1
gggagicolipa[c],0.000537413551042291,0,0.1
ggptrc[c],0.000264910841316931,0,0.1
gicolipa[c],0.0473788223615924,0,0.1
glc-D[c],0.00238077026753156,0,0.1
glc-D[e],1.30842871618561e-08,0,0.1
glc-D[p],1.30842871618561e-08,0,0.1
glcn[c],0.000163841010415959,5.74e-06,0.000302
glcn[e],2.34844510841885e-05,5.74e-06,0.000302
glcn[p],0.000163868288125773,5.74e-06,0.000302
glcr[c],0.000461799150681075,0,0.1
glcr[e],0.0473788223615925,0,0.1
glcr[p],0.00106537033364494,0,0.1
glcur1p[e],0.0473788223615924,0,0.1
glcur1p[p],0.000194023986085671,0,0.1
glcur[c],0.00123810844703473,0,0.1
glcur[e],0.000715194578063361,0,0.1
glcur[p],0.000219066515994515,0,0.1
gln-L[c],0.00373353607016879,0.0035,0.00415
gln-L[e],0.00371834740009287,0.0035,0.00415
gln-L[p],0.00382291538745941,0.0035,0.00415
glntrna[c],0.0341202877126729,0,0.1
glu1sa[c],0.0126530790449096,0,0.1
glu5p[c],0.0333507778481937,0,0.1
glu5sa[c],0.000702523441493429,0,0.1
glu-D[c],0.00346625733524232,0,0.1
glu-L[c],0.0951257140273772,0.0924,0.0998
glu-L[e],0.0924438493552556,0.0924,0.0998
glu-L[p],0.0934154027562847,0.0924,0.0998
glucys[c],0.000510983166463815,0,0.1
glutrna[c],0.000251715036930458,0,0.1
glx[c],0.00535495967150605,0,0.1
gly[c],0.000183795162071824,0,0.1
gly[e],0.0473788223615925,0,0.1
gly[p],0.064434560983576,0,0.1
glyald[c],0.00270514729740223,0,0.1
glyald[e],0.0473788223615925,0,0.1
glyald[p],0.00598946638911909,0,0.1
glyb[c],0.000353295867424499,0,0.1
glyb[e],0.0473788223615925,0,0.1
glyb[p],0.0288211288283462,0,0.1
glyc2p[e],0.0473788223615921,0,0.1
glyc2p[p],0.064434560983576,0,0.1
glyc3p[c],0.000106315284017999,1.29e-05,0.000187
glyc3p[e],0.000107390521195779,1.29e-05,0.000187
glyc3p[p],0.000106940522569318,1.29e-05,0.000187
glyc-R[c],0.000742975418767248,0.000644,0.00308
glyc-R[e],0.00197152075039568,0.000644,0.00308
glyc-R[p],0.000770607994449411,0.000644,0.00308
glyc[c],0.0473788223615925,0,0.1
glyc[e],0.0389825182202527,0,0.1
glyc[p],0.00160605116076235,0,0.1
glyclt[c],0.0056234716270491,0,0.1
glyclt[e],0.0473788223615925,0,0.1
glyclt[p],0.00197201353689054,0,0.1
glycogen[c],0.0473788223615925,0,0.1
glytrna[c],0.00504040112285678,0,0.1
gmhep17bp[c],0.0473788223615925,0,0.1
gmhep1p[c],0.0124955034607536,0,0.1
gmhep7p[c],0.00178332572779703,0,0.1
gmp[c],2.54720245086039e-05,1.66e-05,3.38e-05
gmp[e],3.00533081784914e-05,1.66e-05,3.38e-05
gmp[p],2.54715257427749e-05,1.66e-05,3.38e-05
gp4g[c],0.000456645400352957,0,0.1
grdp[c],0.0473788223615925,0,0.1
grxox[c],0.00111635027309471,0,0.1
grxrd[c],0.0473788223615925,0,0.1
gsn[c],1.69685381845751e-06,1.22e-06,2.17e-06
gsn[e],2.16759353592771e-06,1.22e-06,2.17e-06
gsn[p],1.79488318649954e-06,1.22e-06,2.17e-06
gthox[c],0.00240286952795166,0.00194,0.0029
gthox[e],0.00242560303410466,0.00194,0.0029
gthox[p],0.0024265133253394,0.00194,0.0029
gthrd[c],0.0153902775209922,0.0153,0.0179
gthrd[e],0.0158082414105719,0.0153,0.0179
gthrd[p],0.0154179985103886,0.0153,0.0179
gtp[c],0.00178178620773351,0.00157,0.0151
gtp[e],0.00458140695067614,0.00157,0.0151
gtp[p],0.00163443201535239,0.00157,0.0151
gtspmd[c],0.00284681950246518,0,0.1
gua[c],0.000202433157962451,0.000132,0.000269
gua[e],0.000255369172110456,0.000132,0.000269
gua[p],0.00026892506045362,0.000132,0.000269
h2[c],0.0473788223615925,0,0.1
h2[e],0.000627275402972044,0,0.1
h2[p],0.0473788223615925,0,0.1
h2mb4p[c],0.0473788223615925,0,0.1
h2o2[c],0.0473788223615925,0,0.1
h2o2[e],0.0473788223615924,0,0.1
h2o2[p],0.00054472344593582,0,0.1
h2o[c],1,1,1
h2o[e],1,1,1
h2o[p],1,1,1
h2s[c],0.0473788223615924,0,0.1
h2s[e],0.000229254832388374,0,0.1
h2s[p],0.00548927330435989,0,0.1
h[c],1,1,1
h[e],1,1,1
h[p],1,1,1
hacolipa[e],0.000182573626418028,0,0.1
halipa[e],0.00183102082746193,0,0.1
hco3[c],0.00132527860441309,0,0.1
hcys-L[c],0.000369997988634648,0.000365,0.000375
hdca[c],0.0320044693732823,0,0.1
hdca[e],0.00362023389226887,0,0.1
hdca[p],0.00479320299162694,0,0.1
hdcea[c],0.0473788223615924,0,0.1
hdcea[e],0.00288866822499685,0,0.1
hdcea[p],0.0473788223615925,0,0.1
hdcoa[c],0.0071517325610861,0,0.1
hdd2coa[c],0.00530093788401938,0,0.1
hdeACP[c],0.0473788223615925,0,0.1
hemeO[c],0.000425267503211614,0,0.1
hexACP[c],0.000296307988335074,0,0.1
hg2[c],0.0459772644819577,0,0.1
hg2[e],0.0473788223615925,0,0.1
hg2[p],0.0644345609835755,0,0.1
hhlipa[c],0.00167063071546995,0,0.1
his-L[c],7.35035269400029e-05,4.58e-05,9.97e-05
his-L[e],7.35436897317713e-05,4.58e-05,9.97e-05
his-L[p],7.37213855724648e-05,4.58e-05,9.97e-05
hisp[c],0.0473788223615925,0,0.1
histd[c],1.27968268170937e-05,1.26e-05,1.3e-05
histrna[c],0.00352378673525014,0,0.1
hkndd[c],0.0473788223615925,0,0.1
hkntd[c],0.00214950490592975,0,0.1
hlipa[c],0.0209614784022294,0,0.1
hmbil[c],0.0473788223615925,0,0.1
hmfurn[c],0.000255162249341809,0,0.1
hmgth[c],0.0473788223615925,0,0.1
hom-L[c],0.000300710405314997,0,0.1
hom-L[e],0.00187926653949835,0,0.1
hom-L[p],0.0388283297915405,0,0.1
hphhlipa[c],0.000562556417053956,0,0.1
hpyr[c],0.000697784570221825,0,0.1
hqn[c],0.00652618775981688,0,0.1
hx2coa[c],0.0473788223615925,0,0.1
hxa[c],0.0526211776384075,0,0.1
hxa[e],0.0473788223615925,0,0.1
hxa[p],0.000812972329283978,0,0.1
hxan[c],0.00299869046030935,0,0.1
hxan[e],0.0461656457845276,0,0.1
hxan[p],0.00265782850396897,0,0.1
hxcoa[c],0.0102056140948877,0,0.1
iasp[c],0.000392977577246551,0,0.1
ichor[c],0.0473788223615925,0,0.1
icit[c],0.00616368235669215,0,0.1
icolipa[c],0.00026359245348786,0,0.1
idon-L[c],0.00551837423180347,0,0.1
idon-L[e],0.00025462237426429,0,0.1
idon-L[p],0.0473788223615924,0,0.1
idp[c],2.50556492193931e-05,1.76e-05,3.22e-05
ile-L[c],0.00015149784253813,0.000149,0.000154
ile-L[e],0.000151717442833656,0.000149,0.000154
ile-L[p],0.00015329745104153,0.000149,0.000154
iletrna[c],0.0473788223615925,0,0.1
imacp[c],0.0473788223615924,0,0.1
imp[c],0.000277185649301786,0.000173,0.000426
imp[e],0.000304882910312106,0.000173,0.000426
imp[p],0.000268802581037496,0.000173,0.000426
indole[c],0.00775900949331989,0,0.1
indole[e],0.0473788223615925,0,0.1
indole[p],0.000209766224669861,0,0.1
inost[c],6.02716925610608e-06,4.22e-06,7.75e-06
inost[e],6.02862920381015e-06,4.22e-06,7.75e-06
inost[p],6.5456011235651e-06,4.22e-06,7.75e-06
ins[c],0.00113298988186675,0,0.1
ins[e],0.000348012342897823,0,0.1
ins[p],0.0473788223615925,0,0.1
ipdp[c],0.000387914635310531,0,0.1
isetac[c],0.000215564340342958,0,0.1
isetac[e],0.00022032901166563,0,0.1
isetac[p],0.00165838379009187,0,0.1
itp[c],0.000223600908885254,0.000138,0.000303
k[c],0.00525279519443288,0,0.1
k[e],0.0473788223615924,0,0.1
k[p],0.000258676890694376,0,0.1
kdo2lipid4L[c],0.0473788223615925,0,0.1
kdo2lipid4[c],0.0247678668268141,0,0.1
kdo2lipid4[e],0.0288211288283468,0,0.1
kdo2lipid4[p],0.0473788223615925,0,0.1
kdo2lipid4p[c],0.0473788223615925,0,0.1
kdo8p[c],0.00731493142124811,0,0.1
kdo[c],0.0473788223615925,0,0.1
kdolipid4[c],0.0473788223615925,0,0.1
kphphhlipa[c],0.00184560415454758,0,0.1
lac-D[c],0.00456107066761572,0,0.1
lac-D[e],0.0473788223615924,0,0.1
lac-D[p],0.00040494508504329,0,0.1
lac-L[c],0.000955924508701915,0,0.1
lac-L[e],0.0473788223615924,0,0.1
lac-L[p],0.0644345609836058,0,0.1
lald-D[c],0.0473788223615925,0,0.1
lald-L[c],0.0473788223615925,0,0.1
lcts[c],0.0473788223615924,0,0.1
lcts[e],0.00180109361630311,0,0.1
lcts[p],0.059269451058297,0,0.1
leu-L[c],0.000151497846395334,0.000149,0.000154
leu-L[e],0.000151718025784562,0.000149,0.000154
leu-L[p],0.00015329759841427,0.000149,0.000154
leutrna[c],0.00528278311466804,0,0.1
lgt-S[c],0.0473788223615924,0,0.1
lipa[c],0.0473788223615924,0,0.1
lipa_cold[c],0.000865821658005285,0,0.1
lipa_cold[e],0.0526211776384075,0,0.1
lipa_cold[p],0.000375994016996988,0,0.1
lipa[e],0.00473555289231001,0,0.1
lipa[p],0.0473788223615925,0,0.1
lipidA[c],0.0473788223615925,0,0.1
lipidAds[c],0.000922453803594117,0,0.1
lipidX[c],0.0473788223615925,0,0.1
lpp[p],0.0132110202020076,0,0.1
lys-L[c],0.000333938501725774,0.000327,0.000502
lys-L[e],0.000414931253928365,0.000327,0.000502
lys-L[p],0.000414896035195877,0.000327,0.000502
lystrna[c],0.0473788223615925,0,0.1
lyx-L[c],0.00313106653672569,0,0.1
lyx-L[e],0.000191462577958358,0,0.1
lyx-L[p],0.0148919575368312,0,0.1
malACP[c],0.0473788223615925,0,0.1
mal-D[c],0.00022237755187739,0,0.1
mal-D[e],0.0473788223615925,0,0.1
mal-D[p],0.00521223957353354,0,0.1
mal-L[c],0.00168383733709166,0.00166,0.0017
mal-L[e],0.00166237087611788,0.00166,0.0017
mal-L[p],0.00167999680648413,0.00166,0.0017
malcoa[c],0.00065069157784528,4.05e-07,0.00309
malt6p[c],0.0473788223615924,0,0.1
malt[c],0.00108353363081205,0,0.1
malt[e],0.0473788223615924,0,0.1
malt[p],0.0288211288283491,0,0.1
malthp[c],0.0108789970872226,0,0.1
malthx[c],0.0111276984124165,0,0.1
malthx[e],0.00487977435116704,0,0.1
malthx[p],0.00642967157349286,0,0.1
maltpt[c],0.0400813106538116,0,0.1
maltpt[e],0.0473788223615925,0,0.1
maltpt[p],0.00307146036973799,0,0.1
malttr[c],0.0473788223615925,0,0.1
malttr[e],0.000663592274882519,0,0.1
malttr[p],0.000284232597747586,0,0.1
maltttr[c],0.0473788223615925,0,0.1
maltttr[e],0.00343561327598717,0,0.1
maltttr[p],0.0015156075810922,0,0.1
man1p[c],0.00124008841943635,0,0.1
man6p[c],0.0219099315483062,0,0.1
man6p[e],0.000509068444367764,0,0.1
man6p[p],0.00126597999964368,0,0.1
man6pglyc[c],0.00146004492646792,0,0.1
man[c],0.0157764945753638,0,0.1
man[e],0.0473788223615925,0,0.1
man[p],0.00629369608687774,0,0.1
mana[c],0.00444642892336806,0,0.1
manglyc[e],0.0473788223615925,0,0.1
manglyc[p],0.0012885402458798,0,0.1
melib[c],0.00429469266598392,0,0.1
melib[e],0.0367449158791976,0,0.1
melib[p],0.00278809048263583,0,0.1
mercppyr[c],0.000377322678488843,0,0.1
met-D[c],0.0106924609126413,0,0.1
met-D[e],0.00235357458962716,0,0.1
met-D[p],0.00192969752626843,0,0.1
met-L[c],0.000145799841945818,0.000131,0.000161
met-L[e],0.000145793853926718,0.000131,0.000161
met-L[p],0.00014575309266701,0.000131,0.000161
methf[c],0.00364296176507751,0,0.1
metsox-R-L[c],0.0473788223615921,0,0.1
metsox-R-L[e],0.00118538112698317,0,0.1
metsox-R-L[p],0.000582567762220409,0,0.1
metsox-S-L[c],0.0473788223615924,0,0.1
metsox-S-L[e],0.000442909741033428,0,0.1
metsox-S-L[p],0.000230452322582111,0,0.1
mettrna[c],0.000191061917786726,0,0.1
mg2[c],0.00125388762118487,0,0.1
mg2[e],0.00466569283854458,0,0.1
mg2[p],0.0473788223615924,0,0.1
mi1p-D[c],0.0473788223615924,0,0.1
micit[c],0.00505161883766044,0,0.1
minohp[e],0.00455290752287425,0,0.1
minohp[p],0.0114278838716973,0,0.1
mlthf[c],0.0185766949324666,0,0.1
mmcoa-R[c],0.00103839423993686,0,0.1
mmcoa-S[c],0.0473788223615925,0,0.1
mmet[c],0.00277535550163396,0,0.1
mmet[e],0.000624390439913236,0,0.1
mmet[p],0.00144879671360843,0,0.1
mn2[c],0.0473788223615924,0,0.1
mn2[e],0.0149326515568181,0,0.1
mn2[p],0.0473788223615925,0,0.1
mnl1p[c],0.0473788223615925,0,0.1
mnl[e],0.00534222875497332,0,0.1
mnl[p],0.000242798423572115,0,0.1
mobd[c],0.00163489196643141,0,0.1
mobd[e],0.0020707487233822,0,0.1
mobd[p],0.000645142269264522,0,0.1
mql8[c],0.00172434458681479,0,0.1
mqn8[c],0.0473788223615925,0,0.1
mso3[c],0.0473788223615925,0,0.1
mso3[e],0.000564401915632864,0,0.1
mso3[p],0.0473788223615925,0,0.1
mthgxl[c],0.0473788223615924,0,0.1
murein3p3p[p],0.00124230847949145,0,0.1
murein3px3p[p],0.00232237210062797,0,0.1
murein3px4p[p],0.0473788223615925,0,0.1
murein4p3p[p],0.0473788223615925,0,0.1
murein4p4p[p],0.00915710595920793,0,0.1
murein4px4p4p[p],0.0473788223615925,0,0.1
murein4px4p[p],0.0473788223615925,0,0.1
murein4px4px4p[p],0.0473788223615925,0,0.1
murein5p3p[p],0.0473788223615925,0,0.1
murein5p4p[p],0.0473788223615924,0,0.1
murein5p5p5p[p],0.00298438177837226,0,0.1
murein5p5p[p],0.0473788223615925,0,0.1
murein5px3p[p],0.000261698944447466,0,0.1
murein5px4p[p],0.00421193672995445,0,0.1
murein5px4px4p[p],0.00111186576489328,0,0.1
myrsACP[c],0.000208333042984969,0,0.1
n2o[c],0.0644345609835822,0,0.1
n2o[e],0.0003040292306751,0,0.1
n2o[p],0.0473788223615924,0,0.1
n8aspmd[c],0.0473788223615925,0,0.1
na1[c],0.000502818607302792,0,0.1
na1[e],0.0473788223615925,0,0.1
na1[p],0.000576662530905319,0,0.1
nac[c],0.0473788223615925,0,0.1
nac[e],0.0473788223615925,0,0.1
nac[p],0.0644345609835822,0,0.1
nad[c],0.00236819472721798,0.00232,0.0028
nadh[c],0.000113807473782921,5.45e-05,0.000127
nadp[c],1.64372428716646e-05,1.4e-07,3.11e-05
nadph[c],0.000121765064387551,0.00011,0.000134
ncam[c],0.0473788223615925,0,0.1
nh4[c],0.0473788223615925,0,0.1
nh4[e],0.00101008101373022,0,0.1
nh4[p],0.0473788223615925,0,0.1
ni2[c],0.01184268671617,0,0.1
ni2[e],0.0473788223615925,0,0.1
ni2[p],0.00233840100414537,0,0.1
nicrnt[c],0.0473788223615924,0,0.1
nmn[c],0.000566895433989288,0,0.1
nmn[e],0.000396600175807334,0,0.1
nmn[p],0.0615920854580873,0,0.1
no2[c],0.000528748900566687,0,0.1
no2[e],0.0473788223615925,0,0.1
no2[p],0.000429973524026609,0,0.1
no3[c],0.00320034463785522,0,0.1
no3[e],0.00427111379086135,0,0.1
no3[p],0.0473788223615925,0,0.1
no[c],0.0515712458449403,0,0.1
no[e],0.00250387689888086,0,0.1
no[p],0.00225545227394303,0,0.1
o16a2und[p],0.000413513074380103,0,0.1
o16a3und[p],0.000204753297187884,0,0.1
o16a4colipa[e],0.00280499594914547,0,0.1
o16a4colipa[p],0.00640902332846532,0,0.1
o16a4und[p],0.00476772021869022,0,0.1
o16aund[c],0.0473788223615925,0,0.1
o16aund[p],0.0473788223615925,0,0.1
o2[c],0.0473788223615925,0,0.1
o2[e],0.0194152124554192,0,0.1
o2[p],0.000606078021739241,0,0.1
o2s[c],0.000209900400869124,0,0.1
o2s[e],0.0365251535364069,0,0.1
o2s[p],0.0526211776384076,0,0.1
oaa[c],3.03286409911412e-06,0,0.1
oc2coa[c],0.0473788223615925,0,0.1
ocACP[c],0.0131743289943179,0,0.1
occoa[c],0.02238029693143,0,0.1
ocdcaACP[c],0.000284762269922528,0,0.1
ocdca[c],0.000635513028930622,0,0.1
ocdca[e],0.00249038138177817,0,0.1
ocdca[p],0.0473788223615925,0,0.1
ocdcea[c],0.0473788223615925,0,0.1
ocdcea[e],0.0473788223615924,0,0.1
ocdcea[p],0.000182552991784707,0,0.1
octa[c],0.0473788223615924,0,0.1
octa[e],0.00228545714471064,0,0.1
octa[p],0.00158015565392254,0,0.1
octdp[c],0.0473788223615924,0,0.1
octeACP[c],0.000446442857267122,0,0.1
od2coa[c],0.000466929543046383,0,0.1
odecoa[c],0.000495239518054085,0,0.1
ohpb[c],0.000306523310636202,0,0.1
op4en[c],0.0473788223615925,0,0.1
orn[c],1.11086117794909e-05,6.81e-06,1.51e-05
orn[e],1.11126521999334e-05,6.81e-06,1.51e-05
orn[p],1.50810863830542e-05,6.81e-06,1.51e-05
orot5p[c],0.0473788223615925,0,0.1
orot[c],0.000245071624124498,0,0.1
orot[e],0.0473788223615924,0,0.1
orot[p],0.000283242840109799,0,0.1
oxam[c],0.0473788223615925,0,0.1
oxur[c],0.0019028855203706,0,0.1
pa120[c],0.0473788223615925,0,0.1
pa120[p],0.000488856939971771,0,0.1
pa140[c],0.0473788223615925,0,0.1
pa140[p],0.023280784854223,0,0.1
pa141[c],0.000826774686457839,0,0.1
pa141[p],0.0019851387617998,0,0.1
pa160[c],0.0473788223615925,0,0.1
pa160[p],0.000257330972840481,0,0.1
pa161[c],0.000448289277219511,0,0.1
pa161[p],0.00298974298427754,0,0.1
pa180[c],0.000937648132730353,0,0.1
pa180[p],0.0473788223615925,0,0.1
pa181[c],0.00219137562743279,0,0.1
pa181[p],0.0473788223615925,0,0.1
pac[c],0.000304896915325725,0,0.1
pacald[c],0.0181491216103069,0,0.1
pacald[e],0.0473788223615925,0,0.1
pacald[p],0.0473788223615925,0,0.1
palmACP[c],0.0473788223615925,0,0.1
pan4p[c],0.0526211776384076,0,0.1
pant-R[c],0.00916497134762635,0,0.1
pap[c],0.0051360412553276,0,0.1
paps[c],0.0033660276490524,0,0.1
pdx5p[c],0.0473788223615925,0,0.1
pe120[c],0.00653067602923572,0,0.1
pe120[p],0.00964015972632721,0,0.1
pe140[c],0.0230629813915974,0,0.1
pe140[p],0.000199808143375734,0,0.1
pe141[c],0.0473788223615925,0,0.1
pe141[p],0.000299403183959137,0,0.1
pe160[c],0.00236006290885631,0,0.1
pe160[p],0.0526211776384076,0,0.1
pe161[c],0.0473788223615924,0,0.1
pe161[p],0.000197215656231169,0,0.1
pe180[c],0.0473788223615925,0,0.1
pe180[p],0.0105649528214726,0,0.1
pe181[c],0.00198192034151281,0,0.1
pe181[p],0.0473788223615924,0,0.1
peamn[e],0.0473788223615924,0,0.1
peamn[p],0.00311175138623549,0,0.1
pep[c],0.000188982660186421,0.000146,0.000231
pg120[c],0.000436618964941604,0,0.1
pg120[p],0.0473788223615924,0,0.1
pg140[c],0.000782731304083828,0,0.1
pg140[p],0.0526211776384076,0,0.1
pg141[c],0.0117184663285236,0,0.1
pg141[p],0.000949220180131831,0,0.1
pg160[c],0.0473788223615925,0,0.1
pg160[p],0.0473788223615925,0,0.1
pg161[c],0.0023088305954331,0,0.1
pg161[p],0.000204203772481341,0,0.1
pg180[c],0.0473788223615924,0,0.1
pg180[p],0.00573795987419014,0,0.1
pg181[c],0.0473788223615925,0,0.1
pg181[p],0.00761217183072686,0,0.1
pgp120[c],0.0473788223615925,0,0.1
pgp120[p],0.00118492905492923,0,0.1
pgp140[c],0.000302029517067661,0,0.1
pgp140[p],0.00562679346083431,0,0.1
pgp141[c],0.00217528990679727,0,0.1
pgp141[p],0.0115394615561967,0,0.1
pgp160[c],0.0473788223615921,0,0.1
pgp160[p],0.000609613516951534,0,0.1
pgp161[c],0.000289809834674231,0,0.1
pgp161[p],0.00521213427681236,0,0.1
pgp180[c],0.00252892185831253,0,0.1
pgp180[p],0.0473788223615925,0,0.1
pgp181[c],0.000528028599572188,0,0.1
pgp181[p],0.0034461699230453,0,0.1
phaccoa[c],0.000267519569689079,0,0.1
phe-L[c],1.81970142564169e-05,1.77e-05,1.87e-05
phe-L[e],1.83495827299583e-05,1.77e-05,1.87e-05
phe-L[p],1.86487365594265e-05,1.77e-05,1.87e-05
pheme[c],0.0473788223615925,0,0.1
pheme[e],0.012243956007143,0,0.1
pheme[p],0.000216554151599069,0,0.1
phetrna[c],0.000784778609328593,0,0.1
phhlipa[c],0.000933860395509423,0,0.1
phom[c],0.000931430756502264,0,0.1
phphhlipa[c],0.0473788223615924,0,0.1
phpyr[c],0.000108739731268885,5.01e-05,0.000161
phthr[c],0.00325287678151606,0,0.1
pi[c],0.02,0.016,0.024
pi[e],0.00577380491400419,0,0.1
pi[p],0.0473788223615925,0,0.1
pmcoa[c],0.0473788223615924,0,0.1
pmtcoa[c],0.0161232700086639,0,0.1
pnto-R[c],0.000552974690610464,0,0.1
pnto-R[e],0.00276028300720115,0,0.1
pnto-R[p],0.0473788223615925,0,0.1
ppa[c],0.0473788223615925,0,0.1
ppa[e],0.0473788223615924,0,0.1
ppa[p],0.00147817127973877,0,0.1
ppal[c],0.0996922780666008,0,0.1
ppal[e],0.0473788223615924,0,0.1
ppal[p],0.0644345609835832,0,0.1
ppap[c],0.0473788223615925,0,0.1
ppbng[c],0.0378361221297135,0,0.1
ppcoa[c],5.63044072669884e-06,3.88e-06,7.29e-06
ppgpp[c],0.0473788223615924,0,0.1
pphn[c],0.0473788223615924,0,0.1
ppi[c],0.0473788223615924,0,0.1
ppp9[c],0.000343785486338105,0,0.1
pppg9[c],0.0473788223615924,0,0.1
pppi[c],0.0473788223615924,0,0.1
pppn[c],0.001325932001905,0,0.1
pppn[e],0.00229233929395773,0,0.1
pppn[p],0.0473788223615924,0,0.1
ppt[e],0.00509693854051405,0,0.1
ppt[p],0.000234441520272791,0,0.1
pram[c],0.00261011754467365,0,0.1
pran[c],0.000315208828906619,0,0.1
prbamp[c],0.0473788223615925,0,0.1
prbatp[c],0.00311632216311206,0,0.1
prfp[c],0.0473788223615925,0,0.1
prlp[c],0.0473788223615925,0,0.1
pro-L[c],0.000385343968714556,0.000372,0.000399
pro-L[e],0.000379954337368888,0.000372,0.000399
pro-L[p],0.000381218923340062,0.000372,0.000399
progly[c],0.00301125375347474,0,0.1
progly[e],0.000782580222387043,0,0.1
progly[p],0.0473788223615925,0,0.1
protrna[c],0.000417394871348913,0,0.1
prpp[c],0.000325351660220378,0.000136,0.000492
ps120[c],0.000458626912811659,0,0.1
ps140[c],0.0473788223615925,0,0.1
ps141[c],0.0244472018316443,0,0.1
ps160[c],0.00159834420405464,0,0.1
ps161[c],0.0225250502155723,0,0.1
ps180[c],0.000269630568507029,0,0.1
ps181[c],0.0473788223615925,0,0.1
psclys[c],0.00179691124400375,0,0.1
psclys[e],0.00018322472421649,0,0.1
psclys[p],0.00208862637462312,0,0.1
pser-L[c],0.0473788223615924,0,0.1
pser-L[e],0.000923492334082411,0,0.1
pser-L[p],0.0473788223615924,0,0.1
ptrc[c],0.00165854712286191,0,0.1
ptrc[e],0.0286070194455219,0,0.1
ptrc[p],0.0011008318121645,0,0.1
pyam5p[c],0.0473788223615925,0,0.1
pydam[c],0.0473788223615924,0,0.1
pydx5p[c],0.0473788223615925,0,0.1
pydx[c],0.0473788223615925,0,0.1
pydxn[c],0.00339854072121244,0,0.1
pyr[c],0.00366726030686074,0.00312611076742145,0.00420375071990061
pyr[e],0.00359966840831495,0.00312611076742145,0.00420375071990061
pyr[p],0.00368097174909189,0.00312611076742145,0.00420375071990061
q8[c],0.0473788223615925,0,0.1
q8h2[c],0.0473788223615925,0,0.1
quln[c],3.08429347543473e-05,2.41e-06,5.49e-05
r15bp[c],0.0473788223615925,0,0.1
r1p[c],0.0011474198598946,0,0.1
r5p[c],0.001056,0.0007864,0.001416
r5p[e],0.000257632493488639,0,0.1
r5p[p],0.00599103993223583,0,0.1
ragund[c],0.00341829008470328,0,0.1
rbflvrd[c],0.00023512595111202,0,0.1
rbl-L[c],0.000220615827625248,0,0.1
rdmbzi[c],0.0473788223615925,0,0.1
rhcys[c],0.000260805602360853,0,0.1
rib-D[c],0.00110351884815756,0,0.1
rib-D[e],0.000348095150377221,0,0.1
rib-D[p],0.0473788223615925,0,0.1
ribflv[c],1.91165796817309e-05,1.72e-05,2.11e-05
rml1p[c],0.0473788223615925,0,0.1
rml[c],0.0473788223615925,0,0.1
rmn[c],0.00101124459930253,0,0.1
rmn[e],0.0473788223615925,0,0.1
rmn[p],0.00746794555028492,0,0.1
ru5p-D[c],0.000245514541262254,0,0.1
ru5p-L[c],0.000503293438688031,0,0.1
s7p[c],0.000924002831348664,0.000840346612273689,0.000924149137414854
s[c],0.00143733282105326,0,0.1
sarcs[c],0.00397357399270284,0,0.1
sbt6p[c],0.0473788223615924,0,0.1
sbt-D[e],0.00184643679176391,0,0.1
sbt-D[p],0.0003377400260039,0,0.1
sbzcoa[c],0.0188903865957603,0,0.1
scl[c],0.000588806287306302,0,0.1
sectrna[c],0.000429244707087872,0,0.1
seln[c],0.0473788223615924,0,0.1
selnp[c],0.0473788223615925,0,0.1
ser-D[c],0.000282716894359511,0,0.1
ser-D[e],0.0473788223615925,0,0.1
ser-D[p],0.0644345609835886,0,0.1
ser-L[c],0.0011362570343606,0.00106274953175163,0.00120274170310109
ser-L[e],0.001132834886791,0.00106274953175163,0.00120274170310109
ser-L[p],0.00113270831802644,0.00106274953175163,0.00120274170310109
seramp[c],0.0473788223615924,0,0.1
sertrna(sec)[c],0.0473788223615924,0,0.1
sertrna[c],0.000365385112744607,0,0.1
sheme[c],0.0363638781487325,0,0.1
skm5p[c],0.0721549474630951,0,0.1
skm[c],1.8356936317015e-05,7.02e-06,2.81e-05
skm[e],8.02625616234313e-06,7.02e-06,2.81e-05
skm[p],1.79883423708846e-05,7.02e-06,2.81e-05
sl26da[c],0.00134598491260954,0,0.1
sl2a6o[c],0.000282128877608469,0,0.1
so2[c],0.000590293907882737,0,0.1
so2[e],0.0473788223615925,0,0.1
so2[p],0.0100982954627013,0,0.1
so3[c],0.00174823220377932,0,0.1
so3[e],0.00114785003449223,0,0.1
so3[p],0.0473788223615925,0,0.1
so4[c],0.0473788223615925,0,0.1
so4[e],0.000511130756339297,0,0.1
so4[p],0.000192498689735099,0,0.1
spmd[c],0.000577286030742332,0,0.1
spmd[e],0.0473788223615924,0,0.1
spmd[p],0.000203432415512905,0,0.1
ssaltpp[c],0.000469674757853676,0,0.1
stcoa[c],0.0473788223615925,0,0.1
suc6p[c],0.000303378759350726,0,0.1
sucarg[c],0.0473788223615924,0,0.1
sucbz[c],0.0473788223615925,0,0.1
succ[c],0.000474541840609706,0.000341,0.000949
succ[e],0.000661086316268516,0.000341,0.000949
succ[p],0.000649764363042617,0.000341,0.000949
succoa[c],0.000379222886360751,0.000142,0.000383
sucglu[c],0.00803261585129514,0,0.1
sucgsa[c],0.000354082550377564,0,0.1
suchms[c],0.0473788223615925,0,0.1
sucorn[c],0.0473788223615924,0,0.1
sucr[e],0.0164699125447751,0,0.1
sucr[p],0.0473788223615924,0,0.1
sucsal[c],0.00362507836649043,0,0.1
sulfac[c],0.00757021793306431,0,0.1
sulfac[e],0.000309270983847385,0,0.1
sulfac[p],0.0473788223615924,0,0.1
t3c11vaceACP[c],0.0473788223615924,0,0.1
t3c5ddeceACP[c],0.0473788223615925,0,0.1
t3c7mrseACP[c],0.0473788223615925,0,0.1
t3c9palmeACP[c],0.0473788223615925,0,0.1
tag6p-D[c],0.00325802491393845,0,0.1
tagdp-D[c],0.0473788223615925,0,0.1
tagur[c],0.00034533851186503,0,0.1
tartr-L[c],0.0473788223615925,0,0.1
tartr-L[e],0.0473788223615925,0,0.1
tartr-L[p],0.000354729932747885,0,0.1
taur[c],0.0473788223615924,0,0.1
taur[e],0.00446236073209209,0,0.1
taur[p],0.00415100322970459,0,0.1
tcynt[c],0.00292707155654459,0,0.1
tcynt[e],0.0473788223615925,0,0.1
tcynt[p],0.000280568158469987,0,0.1
td2coa[c],0.0473788223615925,0,0.1
tdcoa[c],0.0473788223615924,0,0.1
tddec2eACP[c],0.0473788223615925,0,0.1
tdeACP[c],0.00581517161368691,0,0.1
tdec2eACP[c],0.0473788223615925,0,0.1
tdecoa[c],0.0644345609835782,0,0.1
thdp[c],0.0473788223615925,0,0.1
thex2eACP[c],0.0112401338003426,0,0.1
thf[c],0.00177953650611036,0,0.1
thm[c],0.000222233336302909,0,0.1
thm[e],0.000681151046587983,0,0.1
thm[p],0.00154693245597171,0,0.1
thmmp[c],0.0473788223615925,0,0.1
thmpp[c],0.0572329538555834,0,0.1
thr-L[c],0.00125665778576812,0.00121854727615182,0.00129476950687188
thr-L[e],0.00125663796806477,0.00121854727615182,0.00129476950687188
thr-L[p],0.00125714792356018,0.00121854727615182,0.00129476950687188
thrp[e],0.0473788223615924,0,0.1
thrp[p],0.0644345609836064,0,0.1
thrtrna[c],0.0473788223615925,0,0.1
thym[c],0.0473788223615925,0,0.1
thym[e],0.000854622343678419,0,0.1
thym[p],0.000407485064936365,0,0.1
thymd[c],0.00172152865604062,0,0.1
thymd[e],0.0473788223615924,0,0.1
thymd[p],0.000220850391589702,0,0.1
tma[c],0.000358792214189751,0,0.1
tma[e],0.00105032263099177,0,0.1
tma[p],0.0473788223615925,0,0.1
tmao[c],0.0473788223615925,0,0.1
tmao[e],0.00632748022825468,0,0.1
tmao[p],0.00103621735227189,0,0.1
tmrs2eACP[c],0.00186492391940315,0,0.1
toct2eACP[c],0.00277516217904311,0,0.1
toctd2eACP[c],0.000391672878457438,0,0.1
tpalm2eACP[c],0.0473788223615925,0,0.1
trdox[c],0.0381651234564486,0,0.1
trdrd[c],0.00666046969329347,0,0.1
tre6p[c],0.000733675385258362,0,0.1
tre[c],0.0026316959800293,0,0.1
tre[e],0.000298541006988121,0,0.1
tre[p],0.0473788223615925,0,0.1
trnaala[c],0.0473788223615925,0,0.1
trnaarg[c],0.00447691339928438,0,0.1
trnaasn[c],0.000585389377503836,0,0.1
trnaasp[c],0.0259456019298344,0,0.1
trnacys[c],0.000204012225662672,0,0.1
trnagln[c],0.0473788223615925,0,0.1
trnaglu[c],0.00181993748843212,0,0.1
trnagly[c],0.00528507721411026,0,0.1
trnahis[c],0.000701017225313838,0,0.1
trnaile[c],0.000279213344528773,0,0.1
trnaleu[c],0.00160635325103757,0,0.1
trnalys[c],0.000622864630318238,0,0.1
trnamet[c],0.0124097201497606,0,0.1
trnaphe[c],0.0473788223615925,0,0.1
trnapro[c],0.0138311798795332,0,0.1
trnasecys[c],0.00405855308937621,0,0.1
trnaser[c],0.000449047460228317,0,0.1
trnathr[c],0.0473788223615925,0,0.1
trnatrp[c],0.000183832433820388,0,0.1
trnatyr[c],0.00165759912445496,0,0.1
trnaval[c],0.000562010329434925,0,0.1
trp-L[c],1.21330329181878e-05,1.14e-05,1.29e-05
trp-L[e],1.14080593014042e-05,1.14e-05,1.29e-05
trp-L[p],1.21363769801465e-05,1.14e-05,1.29e-05
trptrna[c],0.0473788223615925,0,0.1
tsul[c],0.0416742608696928,0,0.1
tsul[e],0.0473788223615924,0,0.1
tsul[p],0.0644345609835939,0,0.1
ttdca[c],0.0109156485034796,0,0.1
ttdca[e],0.0473788223615925,0,0.1
ttdca[p],0.0288211288283529,0,0.1
ttdcea[c],0.0473788223615925,0,0.1
ttdcea[e],0.0473788223615925,0,0.1
ttdcea[p],0.00243156277648868,0,0.1
tungs[c],0.00028134899101443,0,0.1
tungs[e],0.00860545337520365,0,0.1
tungs[p],0.000303998469822822,0,0.1
tym[e],0.0368737837056511,0,0.1
tym[p],0.000809023051395647,0,0.1
tyr-L[c],3.22624550027381e-05,1.87e-05,4.47e-05
tyr-L[e],2.8628866956673e-05,1.87e-05,4.47e-05
tyr-L[p],3.22471894881989e-05,1.87e-05,4.47e-05
tyrp[e],0.0473788223615924,0,0.1
tyrp[p],0.000412822000584504,0,0.1
tyrtrna[c],0.00244678417744164,0,0.1
u23ga[c],0.0473788223615924,0,0.1
u3aga[c],0.0473788223615925,0,0.1
u3hga[c],0.0473788223615921,0,0.1
uLa4fn[c],0.00386258761271027,0,0.1
uLa4n[c],0.00126898156611126,0,0.1
uLa4n[p],0.000275401906611025,0,0.1
uaagmda[c],0.0473788223615924,0,0.1
uaccg[c],0.0012794071287728,0,0.1
uacgam[c],0.00912646370843807,0.00679,0.0126
uacgam[e],0.00687841892277158,0.00679,0.0126
uacgam[p],0.00956659931137458,0.00679,0.0126
uacmam[c],0.00235822218563346,0,0.1
uacmamu[c],0.0129871854789539,0,0.1
uagmda[c],0.0473788223615925,0,0.1
uama[c],0.00189382893716263,0,0.1
uamag[c],0.0473788223615925,0,0.1
uamr[c],0.0473788223615924,0,0.1
udcpdp[c],0.0473788223615925,0,0.1
udcpdp[p],0.0473788223615925,0,0.1
udcpp[c],0.0473788223615924,0,0.1
udcpp[p],0.0118960659789747,0,0.1
udpLa4fn[c],0.000546003812621081,0,0.1
udpLa4n[c],0.0473788223615924,0,0.1
udpLa4o[c],0.000461614315184514,0,0.1
udp[c],0.00198933942051897,0.00118,0.00272
udpacgal[e],0.0473788223615924,0,0.1
udpacgal[p],0.0157156395629364,0,0.1
udpg[c],0.000794510091212803,0,0.1
udpg[e],0.0473788223615924,0,0.1
udpg[p],0.0644345609835905,0,0.1
udpgal[c],0.000195497843367475,0,0.1
udpgal[e],0.0473788223615924,0,0.1
udpgal[p],0.000523474058297814,0,0.1
udpgalfur[c],0.0473788223615924,0,0.1
udpglcur[c],0.00151061922616058,0.00012,0.00267
udpglcur[e],0.000438180738286794,0.00012,0.00267
udpglcur[p],0.00143615354393201,0.00012,0.00267
ugmd[c],0.00287630803987078,0,0.1
ugmda[c],0.000852545990849419,0,0.1
um4p[c],0.0473788223615925,0,0.1
ump[c],0.00437938839183736,0,0.1
ump[e],0.00124284674653272,0,0.1
ump[p],0.0473788223615925,0,0.1
unaga[c],0.0473788223615925,0,0.1
unagamu[c],0.000830995663427429,0,0.1
unagamuf[c],0.00450129020459463,0,0.1
unagamuf[p],0.0473788223615925,0,0.1
uppg3[c],0.00205136216800666,0,0.1
ura[c],0.0287808424340458,0,0.1
ura[e],0.0473788223615925,0,0.1
ura[p],0.0473788223615925,0,0.1
urate[c],0.000377333156752248,0,0.1
urdglyc[c],0.0272235489510301,0,0.1
urea[c],0.00264126091665886,0,0.1
urea[e],0.0473788223615925,0,0.1
urea[p],0.000586645001489631,0,0.1
uri[c],0.00209694980573087,0.00196,0.00224
uri[e],0.00205553159090575,0.00196,0.00224
uri[p],0.00202944492440133,0.00196,0.00224
utp[c],0.008308638113672,0.00776,0.00886
val-L[c],0.00405695200302166,0.00353,0.00458
val-L[e],0.00405695200302166,0.00353,0.00458
val-L[p],0.00405847661588338,0.00353,0.00458
valtrna[c],0.0473788223615924,0,0.1
xan[c],0.000494980645642181,0,0.1
xan[e],0.000306080640382534,0,0.1
xan[p],0.0117867443641405,0,0.1
xdp[c],0.0473788223615924,0,0.1
xmp[c],0.0473788223615925,0,0.1
xmp[e],0.000360946058263755,0,0.1
xmp[p],0.00125862382605825,0,0.1
xtp[c],0.0473788223615925,0,0.1
xtsn[c],0.000287869274891314,0,0.1
xtsn[e],0.0473788223615924,0,0.1
xtsn[p],0.0644345609835905,0,0.1
xu5p-D[c],0.000931815914813364,0,0.1
xu5p-L[c],0.046049247150615,0,0.1
xyl-D[c],0.0473788223615925,0,0.1
xyl-D[e],0.000634726559977312,0,0.1
xyl-D[p],0.0526211776384076,0,0.1
xylu-D[c],0.0120169719868023,0,0.1
xylu-L[c],0.000363116863294165,0,0.1
xylu-L[e],0.000687759846584217,0,0.1
xylu-L[p],0.000367211542744428,0,0.1
zn2[c],0.0473788223615925,0,0.1
zn2[e],0.0473788223615925,0,0.1
zn2[p],0.025483766124772,0,0.1
