,reaction,gene,gene_name,deltaG_prime_m,deltaG_prime_m (error),wild type coenzyme,mutant coenzyme,max_deltaG (WT),min_deltaG (WT),max_deltaG (mutant),min_deltaG (mutant),direction (wild type),direction (mutant)
0,5DGLCNR,b4266,idnO,-18.057655399999998,3.247864222,NADP(H),NAD(H),-5.254372903550484,-50.91844892383256,13.312966943873246,-32.351109076408825,irreversible (forward),reversible
1,ABUTD,b1444,patD,-52.07906547,2.011257051,NAD(H),NADP(H),-37.78561179359117,-83.44968781387325,-19.218271946167448,-64.88234796644952,irreversible (forward),irreversible (forward)
2,AGPR,b3958,argC,22.21278216,1.615149306,NADP(H),NAD(H),89.32163269904412,20.825518668621005,70.75429285162038,2.258178821197273,irreversible (backward),irreversible (backward)
3,AKGDH,b0116,lpd,-28.18815441,3.8849742999999997,NAD(H),NADP(H),8.937337276549865,-82.39081476401428,27.50467712397359,-63.82347491659054,reversible,reversible
4,ALCD19,b0356,frmA,-36.68452065,2.0065619409999997,NAD(H),NADP(H),-5.3138983061267595,-50.97797432640883,-23.88123815355049,-69.54531417383257,irreversible (forward),irreversible (forward)
5,ALDD19xr,b1385,feaB,-42.192991799999994,1.7048366030000002,NAD(H),NADP(H),-27.899538123591167,-73.56361414387324,-9.33219827616744,-54.996274296449506,irreversible (forward),irreversible (forward)
6,ALDD2x,b1300,puuC,-54.47259552,1.2902400790000002,NAD(H),NADP(H),-40.17914184359117,-85.84321786387324,-21.611801996167443,-67.27587801644951,irreversible (forward),irreversible (forward)
7,ALR4x,b3945,gldA,-16.21403414,0.986231273,NAD(H),NADP(H),15.156588203873245,-30.507487816408826,-3.410751643550485,-49.07482766383255,reversible,irreversible (forward)
8,APPLDHr,b3945,gldA,-15.46218592,0.986231273,NAD(H),NADP(H),15.908436423873244,-29.755639596408827,-2.658903423550486,-48.32297944383255,reversible,irreversible (forward)
9,APRAUR,b0414,ribD,-25.89637409,1.682972577,NADP(H),NAD(H),-13.093091593550485,-58.75716761383255,5.474248253873245,-40.189827766408825,irreversible (forward),reversible
10,ASAD,b3433,asd,-6.291136363,1.692716369,NADP(H),NAD(H),60.81771417604411,-7.678399854378995,42.250374328620374,-26.245739701802727,reversible,reversible
11,ATHRDHr,b1539,ydfG,13.06490149,1.011096647,NADP(H),NAD(H),45.92569501383255,0.2616189935504867,27.358355166408828,-18.305720853873243,irreversible (backward),reversible
12,BETALDHx,b0312,betB,-41.27063573,1.089656573,NAD(H),NADP(H),-26.977182053591175,-72.64125807387325,-8.409842206167447,-54.073918226449514,irreversible (forward),irreversible (forward)
13,BETALDHy,b0312,betB,-41.28468153,1.106737806,NADP(H),NAD(H),-8.423888006167445,-54.08796402644951,-26.991227853591173,-72.65530387387324,irreversible (forward),irreversible (forward)
14,CDGR,b2794,queF,80.35805408,100004.1905,NADP(H),NAD(H),83.13258106275799,37.46850504247592,120.26726075760546,74.60318473732339,irreversible (backward),irreversible (backward)
15,CINNDO,b2542,hcaD,-343.9500849,8.65931031,NAD(H),NADP(H),-278.33140554091517,-346.8275195713383,-296.8987453883389,-365.394859418762,irreversible (forward),irreversible (forward)
16,DHBD,b0596,entA,-61.21376501,6.891371175,NAD(H),NADP(H),-46.92031133359117,-92.58438735387324,-28.352971486167448,-74.01704750644952,irreversible (forward),irreversible (forward)
17,DHCIND,b2541,hcaB,-61.29014277,6.891371175,NAD(H),NADP(H),-46.99668909359117,-92.66076511387325,-28.429349246167448,-74.09342526644951,irreversible (forward),irreversible (forward)
18,DHDPRy,b0031,dapB,-21.678849600000003,3.9391747710000002,NADP(H),NAD(H),-8.87556710355049,-54.53964312383256,9.69177274387324,-35.97230327640883,irreversible (forward),reversible
19,DHPPD,b2541,hcaB,-61.29852036,6.891371175,NAD(H),NADP(H),-47.00506668359117,-92.66914270387323,-28.437726836167442,-74.10180285644951,irreversible (forward),irreversible (forward)
20,DKGLCNR2x,b3553,ghrB,-21.95500749,1.166875567,NAD(H),NADP(H),9.415614853873244,-36.24846116640883,-9.151724993550486,-54.815801013832555,reversible,irreversible (forward)
21,DKGLCNR2y,b3553,ghrB,-21.94096169,1.1532833009999999,NADP(H),NAD(H),-9.137679193550488,-54.80175521383256,9.429660653873242,-36.234415366408825,irreversible (forward),reversible
22,DOGULNR,b3575,yiaK,-16.21416026,0.986231273,NAD(H),NADP(H),15.156462083873244,-30.507613936408827,-3.410877763550486,-49.074953783832555,reversible,irreversible (forward)
23,DSERDHr,b1539,ydfG,15.78942113,2.588672926,NADP(H),NAD(H),48.650214653832556,2.9861386335504854,30.082874806408824,-15.581201213873245,irreversible (backward),reversible
24,DURADx,b2146,preT,-1.051769171,3.8587636819999998,NAD(H),NADP(H),13.241684505408827,-32.42239151487324,31.809024352832555,-13.855051667449514,reversible,reversible
25,DXPRIi,b0173,dxr,-13.56064115,1.233334332,NADP(H),NAD(H),-0.7573586535504866,-46.42143467383256,17.80998119387324,-27.854094826408826,irreversible (forward),reversible
26,FADRx,b3844,fre,-16.67055808,2.983191593,NAD(H),NADP(H),14.700064263873244,-30.964011756408826,-3.8672755835504855,-49.531351603832555,reversible,irreversible (forward)
27,FADRx2,b2764,cysJ,-16.65651227,2.9915040339999996,NADP(H),NAD(H),-3.8532297735504866,-49.517305793832556,14.714110073873243,-30.949965946408827,irreversible (forward),reversible
28,FALDH2,b0356,frmA,-31.80052287,4.676716798999999,NAD(H),NADP(H),-17.507069193591175,-63.171145213873245,1.0602706538325535,-44.603805366449514,irreversible (forward),reversible
29,FLVRx,b3844,fre,-7.961847597,4.473132188,NAD(H),NADP(H),23.40877474687324,-22.255301273408826,4.8414348994495136,-40.82264112083256,reversible,reversible
30,G3PD2,b3608,gpsA,23.21616481,0.8053510709999999,NADP(H),NAD(H),56.07695833383255,10.412882313550485,37.509618486408826,-8.154457533873245,irreversible (backward),reversible
31,G5SD,b0243,proA,-25.35238067,1.615149306,NADP(H),NAD(H),-23.965117178621004,-92.46123120904412,-5.397777331197272,-73.89389136162038,irreversible (forward),irreversible (forward)
32,G6PDH2r,b1852,zwf,-6.245839796,1.3215711,NADP(H),NAD(H),26.614953727832557,-19.049122292449514,8.047613880408827,-37.61646213987324,reversible,reversible
33,GALCTLO,b4358,lgoD,15.80719344,1.441709818,NAD(H),NADP(H),30.10064711640883,-15.563428903873243,48.667986963832554,3.003910943550487,reversible,irreversible (backward)
34,GAPD,b1779,gapA,18.92260859,0.405626339,NAD(H),NADP(H),67.46411928162037,-1.0319947488027275,86.03145912904411,17.535345098621004,reversible,irreversible (backward)
35,GCALDD,b1415,aldA,-65.6636929,2.347488372,NAD(H),NADP(H),-51.37023922359117,-97.03431524387324,-32.802899376167446,-78.46697539644951,irreversible (forward),irreversible (forward)
36,GGGABADr,b1300,puuC,-42.80867492,1.106737806,NADP(H),NAD(H),-9.947881396167446,-55.61195741644951,-28.515221243591174,-74.17929726387325,irreversible (forward),irreversible (forward)
37,GHBDHx,b3882,yihU,2.838039756,1.696412394,NAD(H),NADP(H),34.208662099873244,-11.455413920408827,15.641322252449514,-30.022753767832555,reversible,reversible
38,GLTPD,b2091,gatD,13.60332012,1.196835798,NAD(H),NADP(H),27.896773796408826,-17.767302223873244,46.464113643832555,0.8000376235504856,reversible,irreversible (backward)
39,GLUDy,b1761,gdhA,16.88621097,0.374621375,NADP(H),NAD(H),38.33098548876204,-30.165128541661062,19.76364564133831,-48.732468389084794,reversible,reversible
40,GLUSy,b3213,gltD,-48.31742361,0.943672104,NADP(H),NAD(H),-12.682103103409453,-104.01025514397358,5.8852367440142785,-85.44291529654987,irreversible (forward),reversible
41,GLYCDx,b3945,gldA,21.47825415,1.805242501,NAD(H),NADP(H),35.77170782640883,-9.892368193873242,54.33904767383255,8.674971653550488,reversible,irreversible (backward)
42,GLYCL,b0116,lpd,1.498032779,4.066891939,NAD(H),NADP(H),27.207505460479343,-86.95268459022583,45.77484530790307,-68.3853447428021,reversible,reversible
43,GMPR,b0104,guaC,240.27160690000002,67665.82578,NADP(H),NAD(H),241.65887039137903,173.1627563609559,260.22621023880276,191.73009620837965,irreversible (backward),irreversible (backward)
44,GND,b2029,gnd,-6.7982579229999995,3.17634026,NADP(H),NAD(H),14.646516595762042,-53.849597434661064,-3.9208232516616905,-72.41693728208479,reversible,irreversible (forward)
45,GOFUCR,b2052,wcaG,3.5552321160000004,1.5859759759999998,NADP(H),NAD(H),16.358514612449515,-29.305561407832556,34.92585445987324,-10.738221560408826,reversible,reversible
46,GTHOr,b3500,gor,-30.25427429,0.7839423609999999,NADP(H),NAD(H),-28.867010798621006,-97.36312482904411,-10.299670951197275,-78.79578498162037,irreversible (forward),irreversible (forward)
47,HADPCOADH3,b1395,paaH,16.21425367,0.986231273,NAD(H),NADP(H),30.50770734640883,-15.156368673873242,49.07504719383256,3.4109711735504877,reversible,irreversible (backward)
48,HISTD,b2020,hisD,-15.87060582,2.241588356,NAD(H),NADP(H),-10.11573647732338,-55.779812497605455,27.018943217524082,-18.645132802757992,irreversible (forward),reversible
49,HXAND,b2867,xdhB,13.84186664,3.94172295,NAD(H),NADP(H),28.135320316408826,-17.528755703873244,46.702660163832554,1.0385841435504855,reversible,irreversible (backward)
50,ICDHyr,b1136,icd,-11.69998167,3.186776652,NADP(H),NAD(H),9.744792848762042,-58.75132118166106,-8.82254699866169,-77.3186610290848,reversible,irreversible (forward)
51,IDOND,b4267,idnD,-16.21397612,0.986231273,NAD(H),NADP(H),15.156646223873242,-30.50742979640883,-3.410693623550488,-49.07476964383255,reversible,irreversible (forward)
52,IDOND2,b4267,idnD,-16.19993032,1.011096647,NADP(H),NAD(H),-3.3966478235504862,-49.060723843832555,15.170692023873244,-30.493383996408827,irreversible (forward),reversible
53,IMPD,b2508,guaB,17.07285195,3.981784994,NAD(H),NADP(H),31.366305626408828,-14.297770393873243,49.933645473832556,4.269569453550487,reversible,irreversible (backward)
54,IPMD,b0073,leuB,16.22257229,0.986231273,NAD(H),NADP(H),30.516025966408826,-15.148050053873245,49.08336581383256,3.419289793550485,reversible,irreversible (backward)
55,KARA1,b3774,ilvC,16.20009824,1.011096647,NADP(H),NAD(H),49.06089176383256,3.3968157435504853,30.493551916408826,-15.170524103873245,irreversible (backward),reversible
56,KARA2,b3774,ilvC,-16.20010475,1.011096647,NADP(H),NAD(H),-3.3968222535504875,-49.06089827383256,15.170517593873242,-30.49355842640883,irreversible (forward),reversible
57,LALDO2x,b3945,gldA,-14.57142214,1.688422991,NAD(H),NADP(H),16.799200203873244,-28.864875816408826,-1.7681396435504855,-47.43221566383255,reversible,irreversible (forward)
58,LCADi,b1415,aldA,-51.17364086,1.989106394,NAD(H),NADP(H),-36.880187183591175,-82.54426320387324,-18.312847336167444,-63.97692335644951,irreversible (forward),irreversible (forward)
59,LCARS,b2799,fucO,-24.0058129,1.501614024,NAD(H),NADP(H),7.364809443873245,-38.299266576408826,-11.202530403550485,-56.86660642383255,reversible,irreversible (forward)
60,LSERDHr,b1539,ydfG,14.37643862,1.885474898,NADP(H),NAD(H),47.23723214383256,1.5731561235504863,28.669892296408825,-16.994183723873242,irreversible (backward),reversible
61,M1PD,b3600,mtlD,7.59729107,1.206312474,NAD(H),NADP(H),21.890744746408828,-23.773331273873243,40.45808459383255,-5.205991426449514,reversible,reversible
62,MALDDH,b1800,dmlA,2.9183314360000003,5.189064369,NAD(H),NADP(H),5.795766107338309,-62.70034792308479,24.36310595476204,-44.13300807566106,reversible,reversible
63,MANAO,b4323,uxuB,14.12020888,1.82611561,NAD(H),NADP(H),28.413662556408827,-17.250413463873244,46.981002403832555,1.316926383550486,reversible,irreversible (backward)
64,MDH,b3236,mdh,27.09839043,0.30488783199999997,NAD(H),NADP(H),41.391844106408826,-4.272231913873245,59.95918395383255,14.295107933550485,reversible,irreversible (backward)
65,ME1,b1479,maeA,-4.984909326,3.118328567,NAD(H),NADP(H),-2.1074746546616914,-70.60358868508479,16.45986519276204,-52.03624883766106,irreversible (forward),reversible
66,ME2,b2463,maeB,-4.998955129,3.137103713,NADP(H),NAD(H),16.445819389762043,-52.050294640661065,-2.1215204576616906,-70.61763448808479,reversible,irreversible (forward)
67,MTHFD,b0529,folD,7.023262532,1.1400859909999999,NADP(H),NAD(H),39.88405605583256,-5.780019964449513,21.316716208408828,-24.347359811873243,reversible,reversible
68,MTHFR2,b3941,metF,-41.067716299999994,4.182738122,NAD(H),NADP(H),-9.69709395612675,-55.36116997640882,-28.26443380355048,-73.92850982383254,irreversible (forward),irreversible (forward)
69,NTRIR2x,b3365,nirB,-381.056015,3.672046929,NAD(H),NADP(H),-332.60822398866236,-378.2723000089444,-388.3102435309335,-433.9743195512156,irreversible (forward),irreversible (forward)
70,OXCOAHDH,b1387,paaZ,-15.4267661,6.783052794,NADP(H),NAD(H),17.434027423832553,-28.230048596449514,-1.133312423591173,-46.797388443873245,reversible,irreversible (forward)
71,P5CD,b1014,putA,-13.55729831,5.381158649,NAD(H),NADP(H),0.736155366408827,-44.927920653873244,19.303495213832555,-26.360580806449512,reversible,reversible
72,P5CR,b0386,proC,-16.34555649,6.029368087999999,NADP(H),NAD(H),-3.542273993550486,-49.206350013832555,15.025065853873244,-30.639010166408827,irreversible (forward),reversible
73,PDH,b0116,lpd,-34.20191188,3.222666706,NAD(H),NADP(H),2.923579806549867,-88.40457223401427,21.49091965397359,-69.83723238659054,reversible,reversible
74,PDX5PS,b0052,pdxA,-240.0193654,5.52779285,NAD(H),NADP(H),-214.30989271852064,-328.4700827692258,-195.74255287109693,-309.9027429218021,irreversible (forward),irreversible (forward)
75,PERD,b2320,pdxB,16.22766159,0.986231273,NAD(H),NADP(H),30.521115266408827,-15.142960753873243,49.08845511383255,3.4243790935504865,reversible,irreversible (backward)
76,PGCD,b2913,serA,31.441875399999997,0.564070298,NAD(H),NADP(H),45.735329076408824,0.07125305612675348,64.30266892383256,18.63859290355048,irreversible (backward),irreversible (backward)
77,PPND,b2600,tyrA,-27.85679942,11.28822052,NAD(H),NADP(H),-24.97936474866169,-93.4754787790848,-6.4120249012379595,-74.90813893166106,irreversible (forward),irreversible (forward)
78,PPPNDO,b2542,hcaD,-350.46620160000003,8.041878864,NAD(H),NADP(H),-284.8475222409152,-353.34363627133837,-303.41486208833896,-371.91097611876205,irreversible (forward),irreversible (forward)
79,QUINDH,b1692,ydiB,13.64401442,2.9318707539999997,NAD(H),NADP(H),27.93746809640883,-17.726607923873246,46.50480794383255,0.8407319235504858,reversible,irreversible (backward)
80,SBTPD,b2705,srlD,12.05850376,1.734758784,NAD(H),NADP(H),26.351957436408828,-19.312118583873243,44.919297283832556,-0.7447787364495131,reversible,reversible
81,SGSAD,b1746,astD,-46.12208058,1.089656573,NAD(H),NADP(H),-31.828626903591175,-77.49270292387325,-13.261287056167447,-58.925363076449514,irreversible (forward),irreversible (forward)
82,SHCHD2,b3368,cysG,-45.24857153,100000.0,NAD(H),NADP(H),-30.955117853591172,-76.61919387387324,-12.387778006167444,-58.05185402644951,irreversible (forward),irreversible (forward)
83,SSALx,b1525,sad,-41.25983675,2.362143584,NAD(H),NADP(H),-26.96638307359117,-72.63045909387324,-8.399043226167443,-54.06311924644951,irreversible (forward),irreversible (forward)
84,SULR,b2764,cysJ,-111.91440870000001,4.694120658,NADP(H),NAD(H),-119.16863723093354,-164.8327132512156,-63.46661768866235,-109.13069370894442,irreversible (forward),irreversible (forward)
85,TAGURr,b1521,uxaB,15.80719344,1.441709818,NAD(H),NADP(H),30.10064711640883,-15.563428903873243,48.667986963832554,3.003910943550487,reversible,irreversible (backward)
86,TDPDRR,b2040,rfbD,3.555553593,1.5859759759999998,NADP(H),NAD(H),16.358836089449515,-29.305239930832556,34.92617593687324,-10.737900083408828,reversible,reversible
87,THRD,b3616,tdh,23.12421295,2.7101042339999997,NAD(H),NADP(H),37.41766662640883,-8.246409393873243,55.985006473832556,10.320930453550487,reversible,irreversible (backward)
88,TRDR,b0888,trxB,-8.429741833,1.473446104,NADP(H),NAD(H),4.373540663449514,-41.29053535683256,22.940880510873242,-22.723195509408825,reversible,reversible
89,UACMAMO,b3787,wecC,-29.30794656,1.322685171,NAD(H),NADP(H),-23.553077217323384,-69.21715323760546,13.581602477524083,-32.082473542757995,irreversible (forward),reversible
90,UAPGR,b3972,murB,-56.00173509,1.299058977,NADP(H),NAD(H),-43.198452593550485,-88.86252861383255,-24.631112746126753,-70.29518876640883,irreversible (forward),irreversible (forward)
91,UDPGD,b2028,ugd,-26.705203899999997,2.201167426,NAD(H),NADP(H),-20.95033455732338,-66.61441057760545,16.184345137524087,-29.479730882757988,irreversible (forward),reversible
92,UDPGDC,b2255,arnA,-28.18456695,3.850470646,NAD(H),NADP(H),-25.30713227866169,-93.8032463090848,-6.739792431237959,-75.23590646166106,irreversible (forward),irreversible (forward)
93,URDGLYCD,b0517,allD,-10.52825514,5.435084855,NAD(H),NADP(H),3.7651985364088265,-41.89887748387324,22.332538383832556,-23.331537636449514,reversible,reversible
94,XAND,b2867,xdhB,-25.18368633,4.67652406,NAD(H),NADP(H),-10.890232653591173,-56.554308673873244,7.677107193832555,-37.98696882644951,irreversible (forward),reversible
