,minimum,maximum
DM_4CRSOL,0.00016162705722156927,0.00016162705722156927
DM_5DRIB,0.00016742533730126685,0.00017839607252245065
DM_AACALD,0.0,0.0
DM_AMOB,1.449570019924388e-06,1.449570019924388e-06
DM_MTHTHF,0.0009712119133493403,0.0009821826482109778
DM_OXAM,0.0,1.874167297296244e-05
DM_12ppd-R_e,0.0,1.6064291122515804e-05
DM_12ppd-S_e,0.0,1.6064290681387188e-05
DM_14glucan_e,0.0,0.0
DM_15dap_e,0.0,8.329632447956481e-06
DM_23camp_e,0.0,0.0
DM_23ccmp_e,0.0,0.0
DM_23cgmp_e,0.0,0.0
DM_23cump_e,0.0,0.0
DM_23dappa_e,0.0,0.0
DM_26dap-M_e,0.0,0.0
DM_2ddglcn_e,0.0,0.0
DM_34dhpac_e,0.0,0.0
DM_3amp_e,0.0,0.0
DM_3cmp_e,0.0,0.0
DM_3gmp_e,0.0,0.0
DM_3hcinnm_e,0.0,0.0
DM_3hpp_e,0.0,1.2670427709776666e-05
DM_3hpppn_e,0.0,0.0
DM_3ump_e,0.0,0.0
DM_4abut_e,0.0,1.4279369884517834e-05
DM_4hoxpacd_e,0.0,0.0
DM_5dglcn_e,0.0,1.3037685171468638e-05
DM_5mtr_e,0.0048879501072178755,0.0048908996156013535
DM_LalaDglu_e,0.0,0.0
DM_LalaDgluMdap_e,0.0,3.2952523944737577e-06
DM_LalaDgluMdapDala_e,0.0,2.8468365969452902e-06
DM_LalaLglu_e,0.0,0.0
DM_ac_e,0.0,3.7483336691318536e-05
DM_acac_e,0.0,0.0
DM_acald_e,0.0,2.5702865828536314e-05
DM_acgal_e,0.0,0.0
DM_acgal1p_e,0.0,0.0
DM_acgam_e,0.0,0.0
DM_acgam1p_e,0.0,0.0
DM_acmana_e,0.0,0.0
DM_acmum_e,0.0,0.0
DM_acnam_e,0.0,0.0
DM_acolipa_e,0.0,0.0
DM_acser_e,0.0,1.3229416234300517e-05
DM_ade_e,0.0,1.0838557818201346e-05
DM_adn_e,0.0,5.879740394055394e-06
DM_adocbl_e,0.0,0.0
DM_ag_e,0.0,0.0
DM_agm_e,0.0,8.906933440827602e-06
DM_akg_e,0.0,1.578246143918438e-05
DM_ala-B_e,0.0,0.0
DM_ala-D_e,0.0,2.141905481869294e-05
DM_ala-L_e,0.0,2.1419054799839965e-05
DM_alaala_e,0.0,1.0473029185522047e-05
DM_all-D_e,0.0,0.0
DM_alltn_e,0.0,1.4993334441604222e-05
DM_amp_e,0.0,0.0
DM_anhgm_e,0.0,2.9066302861902125e-06
DM_arab-L_e,0.0,0.0
DM_arbt_e,0.0,0.0
DM_arbtn_e,0.0,0.0
DM_arbtn-fe3_e,0.0,0.0
DM_arg-L_e,0.0,8.81961057644376e-06
DM_ascb-L_e,0.0,0.0
DM_asn-L_e,0.0,1.7639221652127057e-05
DM_aso3_e,0.0,0.0
DM_asp-L_e,0.0,2.092093729783029e-05
DM_btn_e,0.0,0.0
DM_but_e,0.0,0.0
DM_butso3_e,0.0,0.0
DM_ca2_e,-0.003589135369332785,-0.003589135369332785
DM_cbi_e,0.0,0.0
DM_cbl1_e,-0.00016162705722156927,-0.00016162705722156927
DM_cd2_e,0.0,0.0
DM_cgly_e,0.0,7.2548401367113614e-06
DM_chol_e,0.0,0.0
DM_chtbs_e,0.0,0.0
DM_cit_e,0.0,1.342686982275243e-05
DM_cl_e,-0.003589135369332785,-0.003589135369332785
DM_cm_e,0.0,0.0
DM_cmp_e,0.0,0.0
DM_co2_e,19.320129322452924,19.320198848927802
DM_cobalt2_e,-1.739484023909266e-05,-1.739484023909266e-05
DM_colipa_e,0.0,2.8861082568797103e-07
DM_colipap_e,0.0,0.0
DM_cpgn_e,0.0,0.0
DM_cpgn-un_e,0.0,0.0
DM_crn_e,0.0,0.0
DM_crn-D_e,0.0,0.0
DM_csn_e,0.0,0.0
DM_cu_e,0.0,0.0
DM_cu2_e,-0.0004885050967145189,-0.0004885050967145189
DM_cyan_e,0.0,0.0
DM_cynt_e,0.0,0.0
DM_cys-D_e,0.0,0.0
DM_cys-L_e,0.0,1.034023298726594e-05
DM_cytd_e,0.0,6.920002196778019e-06
DM_dad-2_e,0.0,0.0
DM_damp_e,0.0,0.0
DM_dca_e,0.0,0.0
DM_dcmp_e,0.0,0.0
DM_dcyt_e,0.0,0.0
DM_ddca_e,0.0,0.0
DM_dgmp_e,0.0,0.0
DM_dgsn_e,0.0,0.0
DM_dha_e,0.0,2.141905423602708e-05
DM_dimp_e,0.0,0.0
DM_din_e,0.0,0.0
DM_dms_e,0.0,0.0
DM_dmso_e,0.0,0.0
DM_dopa_e,0.0,0.0
DM_doxrbcn_e,0.0,0.0
DM_dtmp_e,0.0,0.0
DM_dump_e,0.0,0.0
DM_duri_e,0.0,0.0
DM_eca4colipa_e,0.0,0.0
DM_enlipa_e,0.0,0.0
DM_enter_e,0.0,1.878079471125994e-06
DM_etha_e,0.0,0.0
DM_ethso3_e,0.0,0.0
DM_etoh_e,0.0,2.141905488273199e-05
DM_f6p_e,0.0,0.0
DM_fald_e,0.0,0.0
DM_fe2_e,-1000.0,-0.010654003315789279
DM_fe3_e,-0.0005997335330221098,999.9887462631503
DM_fe3dcit_e,0.0,0.0
DM_fe3dhbzs_e,0.0,0.0
DM_fe3hox_e,0.0,0.0
DM_fe3hox-un_e,0.0,0.0
DM_fecrm_e,0.0,0.0
DM_fecrm-un_e,0.0,0.0
DM_feenter_e,0.0,1.878079916170142e-06
DM_feoxam_e,0.0,0.0
DM_feoxam-un_e,0.0,0.0
DM_for_e,0.0,0.00014993338882982456
DM_fru_e,0.0,0.0
DM_frulys_e,0.0,0.0
DM_fruur_e,0.0,0.0
DM_fuc-L_e,0.0,0.0
DM_fum_e,0.0,0.0
DM_fusa_e,0.0,0.0
DM_g1p_e,0.0,0.0
DM_g3pc_e,0.0,0.0
DM_g3pe_e,0.0,0.0
DM_g3pg_e,0.0,0.0
DM_g3pi_e,0.0,0.0
DM_g3ps_e,0.0,0.0
DM_g6p_e,0.0,0.0
DM_gal_e,0.0,0.0
DM_gal-bD_e,0.0,0.0
DM_gal1p_e,0.0,0.0
DM_galct-D_e,0.0,0.0
DM_galctn-D_e,0.0,0.0
DM_galctn-L_e,0.0,0.0
DM_galt_e,0.0,0.0
DM_galur_e,0.0,0.0
DM_gam_e,0.0,0.0
DM_gam6p_e,0.0,0.0
DM_gbbtn_e,0.0,0.0
DM_gdp_e,0.0,0.0
DM_glc_e,-8.16,-8.15998875499651
DM_glcn_e,0.0,1.1836845764889858e-05
DM_glcr_e,0.0,0.0
DM_glcur_e,0.0,0.0
DM_glcur1p_e,0.0,0.0
DM_gln-L_e,0.0,0.0
DM_glu-L_e,0.0,0.00030460444491509087
DM_gly_e,0.0,3.911305556975053e-05
DM_glyald_e,0.0,0.0
DM_glyb_e,0.0,0.0
DM_glyc_e,0.0,1.9991117223385965e-05
DM_glyc-R_e,0.0,2.5702865727339486e-05
DM_glycogenn1_c,-0.11175258033312466,-0.11175242633044036
DM_bglycogenn1_c,0.0,0.0
DM_glyc2p_e,0.0,0.0
DM_glyc3p_e,0.0,0.0
DM_glyclt_e,0.0,4.283810966607398e-05
DM_gmp_e,0.0,0.0
DM_gsn_e,0.0,0.0
DM_gthox_e,0.0,0.0
DM_gthrd_e,0.0,4.785107838179049e-06
DM_gtp_e,0.0,0.0
DM_gua_e,0.0,1.0709527406449482e-05
DM_h_e,-993.3910684082042,6.598406827761601
DM_h2_e,0.0,0.0
DM_h2o_e,38.00996928250291,538.0047022542017
DM_h2o2_e,0.0,0.0
DM_h2s_e,0.0,2.092093677374951e-05
DM_hacolipa_e,0.0,0.0
DM_halipa_e,0.0,0.0
DM_hdca_e,0.0,0.0
DM_hdcea_e,0.0,0.0
DM_hg2_e,0.0,0.0
DM_his-L_e,0.0,9.086871520444517e-06
DM_hom-L_e,0.0,1.4509681860230828e-05
DM_hxa_e,0.0,8.03214536043706e-06
DM_hxan_e,0.0,1.0970735139337329e-05
DM_idon-L_e,0.0,1.1836845764889858e-05
DM_ile-L_e,0.0,8.40747930166974e-06
DM_imp_e,0.0,0.0
DM_indole_e,0.0,5.997335180474295e-06
DM_inost_e,0.0,0.0
DM_ins_e,0.0,5.957617749519084e-06
DM_isetac_e,0.0,0.0
DM_k_e,-0.13458551396717705,-0.1345853284998798
DM_kdo2lipid4_e,0.0,5.672131926752477e-07
DM_lac-D_e,0.0,2.1419054236915258e-05
DM_lac-L_e,0.0,2.14190548195603e-05
DM_lcts_e,0.0,0.0
DM_leu-L_e,0.0,8.567621987976004e-06
DM_lipa_e,0.0,4.243396807832381e-07
DM_lipa_cold_e,0.0,4.087233539708246e-07
DM_lipoate_e,0.0,0.0
DM_lys-L_e,0.0,8.329632435633005e-06
DM_lyx-L_e,0.0,0.0
DM_mal-D_e,0.0,0.0
DM_mal-L_e,0.0,1.999111783490548e-05
DM_malt_e,0.0,0.0
DM_malthx_e,0.0,0.0
DM_maltpt_e,0.0,0.0
DM_malttr_e,0.0,0.0
DM_maltttr_e,0.0,0.0
DM_man_e,0.0,0.0
DM_man6p_e,0.0,0.0
DM_manglyc_e,0.0,0.0
DM_melib_e,0.0,0.0
DM_meoh_e,1.4495720175257371e-06,1.449570019924388e-06
DM_met-D_e,0.0,0.0
DM_met-L_e,0.0,0.0
DM_metsox-R-L_e,0.0,0.0
DM_metsox-S-L_e,0.0,0.0
DM_mg2_e,-0.005981658930319955,-0.005981650687217988
DM_mincyc_e,0.0,0.0
DM_minohp_e,0.0,0.0
DM_mmet_e,0.0,0.0
DM_mn2_e,-0.0004769091937659675,-0.0004769085365551237
DM_mnl_e,0.0,0.0
DM_mobd_e,-9.929568320051301e-05,-9.92955463648206e-05
DM_mso3_e,0.0,0.0
DM_n2o_e,0.0,0.0
DM_na1_e,0.0,0.0
DM_nac_e,0.0,0.0
DM_nh4_e,-7.614913476373947,-7.614793529674506
DM_ni2_e,-0.00022250930469020063,-0.00022250899805839356
DM_nmn_e,0.0,0.0
DM_no_e,0.0,0.0
DM_no2_e,0.0,0.0
DM_no3_e,0.0,0.0
DM_novbcn_e,0.0,0.0
DM_o16a4colipa_e,0.0,0.0
DM_o2_e,-267.84276983407847,-17.845433334903113
DM_o2s_e,0.0,0.0
DM_ocdca_e,0.0,0.0
DM_ocdcea_e,0.0,0.0
DM_octa_e,0.0,0.0
DM_orn_e,0.0,1.0340233135230914e-05
DM_orot_e,0.0,0.0
DM_pacald_e,0.0,0.0
DM_peamn_e,0.0,0.0
DM_phe-L_e,0.0,5.91842303268586e-06
DM_pheme_e,0.0,1.4416671115163393e-06
DM_pi_e,-0.6716586983886949,-0.6716575439449324
DM_pnto-R_e,0.0,0.0
DM_ppa_e,0.0,0.0
DM_ppal_e,0.0,0.0
DM_pppn_e,0.0,0.0
DM_ppt_e,0.0,0.0
DM_pro-L_e,0.0,1.1533337213015527e-05
DM_progly_e,0.0,0.0
DM_psclys_e,0.0,0.0
DM_pser-L_e,0.0,0.0
DM_ptrc_e,0.0,1.0460468637257803e-05
DM_pydam_e,0.0,0.0
DM_pydx_e,0.0,0.0
DM_pydxn_e,0.0,0.0
DM_pyr_e,0.0,2.5702865116272733e-05
DM_quin_e,0.0,8.73398328038455e-06
DM_r5p_e,0.0,0.0
DM_rfamp_e,0.0,0.0
DM_rib-D_e,0.0,0.0
DM_rmn_e,0.0,0.0
DM_sbt-D_e,0.0,0.0
DM_sel_e,0.0,0.0
DM_ser-D_e,0.0,0.0
DM_ser-L_e,0.0,2.3066674530005208e-05
DM_skm_e,0.0,0.0
DM_slnt_e,0.0,0.0
DM_so2_e,0.0,0.0
DM_so3_e,0.0,0.0
DM_so4_e,-0.1826544220919946,-0.18263350116387425
DM_spmd_e,0.0,2.9495084165644114e-06
DM_succ_e,0.0,1.8741672461963788e-05
DM_sucr_e,0.0,0.0
DM_sulfac_e,0.0,0.0
DM_tartr-D_e,0.0,0.0
DM_tartr-L_e,0.0,0.0
DM_taur_e,0.0,0.0
DM_tcynt_e,0.0,0.0
DM_thm_e,0.0,0.0
DM_thr-L_e,0.0,1.551035009694779e-05
DM_thrp_e,0.0,0.0
DM_thym_e,0.0,1.1245003477822202e-05
DM_thymd_e,0.0,5.657863388408568e-06
DM_tma_e,0.0,0.0
DM_tmao_e,0.0,0.0
DM_tre_e,0.0,0.0
DM_trp-L_e,0.0,4.8371369058414215e-06
DM_tsul_e,0.0,0.0
DM_ttdca_e,0.0,0.0
DM_ttdcea_e,0.0,0.0
DM_ttrcyc_e,0.0,0.0
DM_tungs_e,0.0,0.0
DM_tym_e,0.0,0.0
DM_tyr-L_e,0.0,6.204139577983825e-06
DM_tyrp_e,0.0,0.0
DM_uacgam_e,0.0,0.0
DM_udpacgal_e,0.0,0.0
DM_udpg_e,0.0,0.0
DM_udpgal_e,0.0,0.0
DM_udpglcur_e,0.0,0.0
DM_ump_e,0.0,0.0
DM_ura_e,0.0,1.7639216995157803e-05
DM_urea_e,0.0,5.997335237084567e-05
DM_uri_e,0.0,7.434713050480379e-06
DM_val-L_e,0.0,1.0709527431818078e-05
DM_xan_e,0.0,1.1994670384124495e-05
DM_xmp_e,0.0,0.0
DM_xtsn_e,0.0,6.247224330430123e-06
DM_xyl-D_e,0.0,0.0
DM_xylu-L_e,0.0,0.0
DM_zn2_e,-0.00023483066683916928,-0.00023483034322775088
12DGR120tipp,0.0,0.0
12DGR140tipp,0.0,0.0
12DGR141tipp,0.0,0.0
12DGR160tipp,0.0,0.0
12DGR161tipp,0.0,0.0
12DGR180tipp,0.0,0.0
12DGR181tipp,0.0,0.0
12PPDRtex,-1.6064291122515804e-05,0.0
12PPDRtpp,-1.6064291122515804e-05,0.0
12PPDStex,-1.6064290681387188e-05,0.0
12PPDStpp,-1.6064290681387188e-05,0.0
14GLUCANabcpp,0.0,0.0
14GLUCANtexi,0.0,0.0
23CAMPtex,0.0,0.0
23CCMPtex,0.0,0.0
23CGMPtex,0.0,0.0
23CUMPtex,0.0,0.0
23DAPPAt2pp,0.0,0.0
23DAPPAtex,0.0,0.0
23PDE2pp,0.0,0.0
23PDE4pp,0.0,0.0
23PDE7pp,0.0,0.0
23PDE9pp,0.0,0.0
26DAHtex,0.0,0.0
2AGPA120tipp,0.0,0.0
2AGPA140tipp,0.0,0.0
2AGPA141tipp,0.0,0.0
2AGPA160tipp,0.0,0.0
2AGPA161tipp,0.0,0.0
2AGPA180tipp,0.0,0.0
2AGPA181tipp,0.0,0.0
2AGPE120tipp,0.0,0.0
2AGPE140tipp,0.0,0.0
2AGPE141tipp,0.0,0.0
2AGPE160tipp,0.0,0.0
2AGPE161tipp,0.0,0.0
2AGPE180tipp,0.0,0.0
2AGPE181tipp,0.0,0.0
2AGPEAT120,0.0,0.0
2AGPEAT140,0.0,0.0
2AGPEAT141,0.0,0.0
2AGPEAT160,0.0,0.0
2AGPEAT161,0.0,0.0
2AGPEAT180,0.0,0.0
2AGPEAT181,0.0,0.0
2AGPG120tipp,0.0,0.0
2AGPG140tipp,0.0,0.0
2AGPG141tipp,0.0,0.0
2AGPG160tipp,0.0,0.0
2AGPG161tipp,0.0,0.0
2AGPG180tipp,0.0,0.0
2AGPG181tipp,0.0,0.0
2AGPGAT120,0.0,0.0
2AGPGAT140,0.0,0.0
2AGPGAT141,0.0,0.0
2AGPGAT160,0.0,0.0
2AGPGAT161,0.0,0.0
2AGPGAT180,0.0,0.0
2AGPGAT181,0.0,0.0
2MAHMP,0.0,0.00022490007567910197
34dhpactex,0.0,0.0
3AMACHYD,0.0,1.2670427709776666e-05
3AMPtex,0.0,0.0
3CMPtex,0.0,0.0
3GMPtex,0.0,0.0
3HAD100,0.0,0.00011245004198801034
3HAD120,0.0,0.00022517012431388927
3HAD121,0.0,7.496669756693053e-05
3HAD140,0.0,0.00022490009920228538
3HAD141,0.0,7.496669756693053e-05
3HAD160,0.0,0.00022489986294782494
3HAD161,0.06838201611991308,0.06851053045300212
3HAD180,0.0,0.0
3HAD181,0.0,0.00012851433308903176
3HAD40,0.0,7.641624779963904e-05
3HAD60,0.0,7.641624779963904e-05
3HAD80,0.0,7.641624779963904e-05
3HPPtex,-1.2670427709776666e-05,0.0
3HPPtpp,0.0,1.2670427709776666e-05
3KGK,0.0,0.0
3NTD2pp,0.0,0.0
3NTD4pp,0.0,0.0
3NTD7pp,0.0,0.0
3NTD9pp,0.0,0.0
3OAS100,0.0,0.00011245004198801034
3OAS120,0.0,0.00022517012431388927
3OAS121,0.0,7.496669756693053e-05
3OAS140,0.023630890464119148,0.023856022019931755
3OAS141,0.0,7.505669082999433e-05
3OAS160,0.0,0.0002248998626778187
3OAS161,0.06838201611987482,0.06851053045300212
3OAS180,0.0,0.0
3OAS181,0.0,0.00012851433308903176
3OAS60,0.0,7.641624779963904e-05
3OAS80,0.0,7.641624779963904e-05
3OXCOAT,0.0,0.0
3PEPTabcpp,0.0,1.697365792708433e-05
3PEPTtex,-3.2952523944737577e-06,0.0
3UMPtex,0.0,0.0
42A12BOOXpp,0.0,0.0
4HOXPACDtex,0.0,0.0
4HTHRS,0.0,0.0
4PCP,0.0,1.697359061857487e-05
4PCPpp,0.0,1.66592648654304e-05
4PEPTabcpp,0.0,1.6973590641369135e-05
4PEPTtex,-2.8468365969452902e-06,0.0
5DGLCNt2rpp,-1.3037685171468638e-05,0.0
5DGLCNtex,-1.3037685171468638e-05,0.0
5DOAN,0.00016742533730126685,0.00017839606992053062
5MTRtex,-0.0048908996156013535,-0.0048879501072178755
5MTRtpp,0.0048879501072178755,0.00489089961559544
A5PISO,0.017723167848203047,0.017724302274787544
AACPS1,0.0056828225454907955,0.006132622685659284
AACPS2,0.0683070494320119,0.06851053041706232
AACPS3,0.08304386024027544,0.08803032131333846
AACPS4,0.0,0.00011245003834692291
AACPS5,0.03511488157824085,0.03534335148094669
AACPS6,0.0,0.00011245003783841301
AACPS7,0.029313712997807828,0.02976351317152104
AACPS8,0.0,0.0002249000849872118
AACPS9,0.0,0.00011462438990536561
AACTOOR,0.0,0.00018010523547196122
AADDGT,0.0,0.0
AAMYL,0.0,0.0
AAMYLpp,0.0,0.0
AB6PGH,0.0,0.0
ABTA,0.0,0.00022490001082209332
ABUTt2pp,0.0,1000.0
ABUTtex,-1.4279369884517834e-05,0.0
ACACCT,0.0,0.0
ACACT1r,0.22691537708271087,0.2269917933442048
ACACT2r,0.22691537708271087,0.2269917933442048
ACACT3r,0.22691537708271087,0.2269943393827437
ACACT4r,0.22687716894471455,0.2269921650277138
ACACT5r,0.22676471892639505,0.2269921650277138
ACACT6r,0.1972261058513094,0.19745182419694243
ACACT7r,0.1229363670847805,0.12316143710085092
ACACT8r,-0.035243395894421645,-0.035114749294977474
ACACt2pp,0.0,0.0
ACACtex,0.0,0.0
ACALDtex,-2.5733727623877822e-05,0.0
ACALDtpp,-2.5733727623877822e-05,0.0
ACANTHAT,0.0,0.0
ACBIPGT,0.0,0.0
ACCOAC,0.09203972362940083,0.09241745625747404
ACCOAL,0.0,1000.0
ACGAL1PPpp,0.0,0.0
ACGAL1Ptex,0.0,0.0
ACGALtex,0.0,0.0
ACGAM1PPpp,0.0,0.0
ACGAM1Ptex,0.0,0.0
ACGAMK,0.0,1.730000629791492e-05
ACGAMT,0.0,0.0
ACGAptspp,0.0,0.0
ACGAtex,0.0,0.0
ACGK,0.23731925495174294,0.23743170498680044
ACGS,0.23731925495174294,0.23743170498680044
ACHBS,0.20461115702244115,0.20461956450168883
ACKr,0.42855260690500413,0.4290026384718004
ACLS,0.6157324077933051,0.6157431283433157
ACM6PH,0.0,1.7135277814175898e-05
ACMAMUT,0.0,0.0
ACMANAptspp,0.0,0.0
ACMANAtex,0.0,0.0
ACMUMptspp,0.0,0.0
ACMUMtex,0.0,0.0
ACNAMt2pp,0.0,0.0
ACNAMtex,0.0,0.0
ACNML,0.0,0.0
ACOAD1f,-0.2269917933442048,-0.22691537708271087
ACOAD2f,-0.2269917933442048,-0.22691537708271087
ACOAD3f,-0.2269943393827437,-0.22691537708271087
ACOAD4f,-0.2269921650277138,-0.22687716894471455
ACOAD5f,-0.2269921650277138,-0.22676471892639505
ACOAD6f,-0.1290694141286799,-0.12884408970787314
ACOAD7f,-0.12316126717285572,-0.12293636709210623
ACOAD8f,0.0,0.0
ACOATA,-0.00022490006950870445,7.64162648044825e-05
ACODA,0.23731925495174294,0.2373942216585265
ACOLIPAabctex,0.0,0.0
ACONIs,0.0,0.0
ACONMT,0.0,0.0
ACONTa,0.05389414645107027,0.05481248842635278
ACONTb,0.05389414645107027,0.05481248842635278
ACOTA,-0.2373942216586057,-0.23731925495174294
ACPPAT120,0.0,0.0001124500456894939
ACPPAT140,0.0,0.0001124500406788631
ACPPAT141,0.0,0.00011245004104480649
ACPPAT160,0.0,0.044071385674145376
ACPPAT161,0.0,0.03430345809485436
ACPPAT180,0.0,0.00011245003783841301
ACPPAT181,0.0,0.017721653536259853
ACPS1,0.0,0.0
ACS,0.0,0.0002249000249979205
ACSERtex,-1.3229416234300517e-05,0.0
ACSERtpp,0.0,1.3229416234300517e-05
ACt2rpp,-1000.0,0.0
ACt4pp,0.0,1000.0
ACtex,-3.748333911340884e-05,0.0
ADA,0.0,0.00017992006075967515
ADCL,0.0006465082288862334,0.0006465082288864554
ADCS,0.0006465082288862334,0.0006465091198165062
ADD,0.0,0.00017992005565181657
ADEt2rpp,-1.0838557814603529e-05,0.0
ADEtex,-1.0838557814603529e-05,0.0
ADK1,0.0,2.4168965775513103
ADK3,-0.5617702061725574,1.8553512714092477
ADK4,-0.00022490007604325513,0.0
ADMDC,0.0048879501072178755,0.0048908996156013535
ADNCYC,0.0,0.00011245003491766603
ADNK1,0.005801455806960121,0.02422977960547032
ADNUC,0.0,0.0002249000760231887
ADNt2pp,0.0,1000.0
ADNt2rpp,-1000.0,0.0
ADNtex,-5.879740544275508e-06,0.0
ADOCBIK,0.0,0.0
ADOCBLS,0.0,0.0
ADOCBLabcpp,0.0,0.0
ADOCBLtonex,0.0,0.0
ADPRDP,0.0,3.21285809527743e-05
ADPT,0.0,0.0002249000694715987
ADSK,0.1796430382127698,0.17966395915008315
ADSL1r,0.21045590480257292,0.21062994511793903
ADSL2r,0.3151873387420821,0.3152023799390032
ADSS,0.21045590480257292,0.21062994511788777
AGDC,0.0,3.427055566752185e-05
AGM3PA,0.0,0.0
AGM3PApp,0.0,1.717840815575883e-05
AGM3PH,0.0,0.0
AGM3Pt2pp,0.0,0.0
AGM4PA,0.0,0.0
AGM4PApp,0.0,1.697359072314747e-05
AGM4PCP,0.0,0.0
AGM4PCPpp,0.0,1.6659264900024257e-05
AGM4PH,0.0,0.0
AGM4Pt2pp,0.0,0.0
AGMH,0.0,1.713524464938901e-05
AGMHE,0.023630890464573895,0.02363204490810844
AGMT,0.0,5.9973352423997595e-05
AGMt2pp,0.0,1.817374583197584e-05
AGMtex,-8.906933440827602e-06,0.0
AGPAT120,0.0,0.0
AGPAT140,0.0,0.0
AGPAT141,0.0,0.0
AGPAT160,0.04395893563921704,0.043958996279824455
AGPAT161,0.03419100805995654,0.034191055225873256
AGPAT180,0.0,0.0
AGPAT181,0.017621697947210822,0.017621697947210822
AGt3,0.0,0.0
AHCYSNS,0.0009712119130949067,0.0009821826482109778
AICART,0.38190226787890236,0.38192321034760646
AIRC2,0.31518145900179473,0.3152024014704988
AIRC3,-0.3152024050596185,-0.3152024014704988
AKGt2rpp,-1.578246143918438e-05,0.0
AKGtex,-1.578246143918438e-05,0.0
ALAALAD,0.0,0.004873406388250592
ALAALAabcpp,0.001938366459350617,0.0024054666141233444
ALAALAr,0.017599229611902,0.01804902977278733
ALAALAtex,-1.0460468639363757e-05,0.0
ALAGLUE,0.0,0.0
ALAR,0.017599229611902002,994.1539854338824
ALATA_D2,0.0,0.0013399332489818505
ALATA_L,-1000.0,999.303895457667
ALATA_L2,0.0,0.0013399332576584763
ALATRS,0.0,0.0
ALAabcpp,0.0,0.00029986675829718105
ALAt2pp,0.0,1000.0
ALAt2rpp,-1000.0,0.0
ALAt4pp,0.0,1000.0
ALAtex,-2.1419054799839965e-05,0.0
ALLK,0.0,0.0
ALLPI,0.0,0.0
ALLTAMH,0.0,2.092093727479316e-05
ALLTN,0.0,2.092093727479316e-05
ALLTNt2rpp,-1.4993334441604222e-05,0.0
ALLTNtex,-1.4993334441604222e-05,0.0
ALLULPE,0.0,0.0
ALLabcpp,0.0,0.0
ALLtex,0.0,0.0
ALPATE160pp,0.0,0.0
ALPATG160pp,0.0,0.0
ALTRH,0.0,0.0
AM3PA,0.0,0.0
AM4PA,0.0,0.0
AM4PCP,0.0,0.0
AMALT1,0.0,0.0
AMALT2,0.0,0.0
AMALT3,0.0,0.0
AMALT4,0.0,0.0
AMANAPEr,0.0,0.0
AMANK,0.0,0.0
AMAOTr,1.449570019924388e-06,1.449570019924388e-06
AMMQLT8,0.00016162705722156927,0.00016162705722156927
AMPN,0.0,0.00022490007570344448
AMPTASECG,0.0,5.291766295138513e-05
AMPTASEPG,0.0,0.0
AMPtex,0.0,0.0
ANHGMtex,-2.9066302861902125e-06,0.0
ANHMK,0.0,1.713527785676683e-05
ANPRT,0.040032775240251825,0.04003877257560476
ANS,0.040032775240251825,0.040038779777003076
AOBUTDs,0.0,0.00018013605580108338
AOXSr2,1.449570019924388e-06,1.449570019924388e-06
AP4AH,0.0,0.00011245003799231768
AP4AS,0.0,0.00011245003799231768
AP5AH,0.0,0.0
APCS,0.0,0.0
APG3PAT120,0.0,0.0
APG3PAT140,0.0,0.0
APG3PAT141,0.0,0.0
APG3PAT160,0.0,0.043958996279824226
APG3PAT161,0.0,0.034191055225873075
APG3PAT180,0.0,0.0
APG3PAT181,0.0,0.017621722260210887
APH120,0.0,0.0001124500456894939
APH140,0.0,0.0001124500406788631
APH141,0.0,0.00011245004104480649
APH160,0.0,0.00011245003784711438
APH161,0.0,0.00011245003473622783
APH180,0.0,0.00011245003783841301
APH181,0.0,9.995558630633561e-05
ARAI,0.0,0.0
ARBTNR1,0.0,3.911305660559657e-05
ARBTNR2,0.0,3.911305642462569e-05
ARBTNR3,0.0,3.911305558009489e-05
ARBTNabcpp,0.0,7.822611116018978e-05
ARBTNexs,0.0,7.822611538284376e-05
ARBTNtex,0.0,7.822611538284376e-05
ARBTNtonex,0.0,7.822611538284376e-05
ARBTNtpp,0.0,7.822611538284376e-05
ARBTptspp,0.0,0.0
ARBTtex,0.0,0.0
ARBabcpp,0.0,0.000299866759869849
ARBt2rpp,-0.00029986676694685464,0.00044980014659978806
ARBt3ipp,0.0,0.00044980014659978806
ARBtex,0.0,0.0
ARGAGMt7pp,-5.622502143062813e-05,8.906933450958388e-06
ARGDC,0.0,5.997335248297819e-05
ARGDCpp,0.0,5.622502133501017e-05
ARGORNt7pp,0.0,0.00044980014040163496
ARGSL,0.20831770756333384,0.20837768091526238
ARGSS,0.20831770756333384,0.20837768091526238
ARGTRS,0.0,0.0
ARGabcpp,0.0,0.00017992005621498866
ARGt3pp,0.0,0.0004498001516433092
ARGtex,-8.81961057644376e-06,0.0
ASCBPL,0.0,0.0
ASCBptspp,0.0,0.0
ASCBtex,0.0,0.0
ASNN,0.0,0.00011245003787765939
ASNNpp,0.0,0.00011245003783832974
ASNS1,0.0,0.00022490007568129466
ASNS2,0.16954294241044607,0.1698802924857974
ASNTRS,0.0,0.0
ASNabcpp,0.0,0.00029986676694685464
ASNt2rpp,-0.00029986676728792225,0.0
ASNtex,-1.785206912718884e-05,0.0
ASO3t8pp,0.0,0.0
ASO3tex,0.0,0.0
ASP1DC,0.00041747616573817314,0.000417476741047041
ASPCT,0.23216603353086462,0.23218367275195373
ASPK,0.3749530292023284,0.37510296258631526
ASPO3,0.0,0.00030022653793240826
ASPO4,0.0,0.0016518134704651111
ASPO5,0.0,0.0002998664835149324
ASPO6,0.0013519180884109636,0.0016517873163133774
ASPT,2.5395796576788143e-12,0.0008996003275401065
ASPTA,-1.683572800773823,-1.6826732004709704
ASPTRS,0.0,0.0
ASPabcpp,0.0,0.0002998667677331886
ASPt2_2pp,0.0,0.0008996003034589251
ASPt2_3pp,0.0,0.000449800139814549
ASPt2pp,0.0,1000.0
ASPt2rpp,-1000.0,0.0001125657721442741
ASPtex,-2.092093729783029e-05,0.0
ASR,0.0,0.0
AST,0.0,3.59840111402443e-05
ATPHs,0.0,6.920002139965131e-05
ATPM,0.0,0.0002249000694263259
ATPPRT,0.06672080887710763,0.06672989574860305
ATPS4rpp,60.926965766971044,60.92804116419548
BALAt2pp,0.0,0.0
BALAtex,0.0,0.0
BMOCOS,8.407506115561452e-05,8.407517713574105e-05
BMOGDS1,8.407506115561452e-05,8.407517713574105e-05
BMOGDS2,8.407506115561452e-05,8.407517701649595e-05
BPNT,0.1796430382127698,0.17966395914999245
BTNt2ipp,0.0,0.0
BTNtex,0.0,0.0
BTS5,1.449570019924388e-06,1.449570019924388e-06
BUTCT,0.0,0.0
BUTSO3abcpp,0.0,0.0
BUTSO3tex,0.0,0.0
BUTt2rpp,0.0,0.0
BUTtex,0.0,0.0
BWCOGDS1,0.0,0.0
BWCOGDS2,0.0,0.0
BWCOS,0.0,0.0
CA2t3pp,0.0,999.9964108646307
CA2tex,0.003589135369332785,0.003589135369332785
CADVtpp,0.0,8.329632447956481e-06
CAT,0.0,0.0
CAt6pp,-1000.0,-0.003589135369332785
CBIAT,0.0,0.0
CBItonex,0.0,0.0
CBIuabcpp,0.0,0.0
CBL1abcpp,0.00016162705722156927,0.00016162705722156927
CBL1tonex,0.00016162705722156927,0.00016162705722156927
CBLAT,0.00016162705722156927,0.00016162705722156927
CBMD,0.0,1.2670427709776666e-05
CBMKr,0.440371291088696,0.44054371444430307
CBPS,0.0,0.0001124500378354741
CCGS,0.0,0.0
CD2abcpp,0.0,0.00022490007567910197
CD2t3pp,0.0,0.0008996002853258744
CD2tex,0.0,0.0
CD2tpp,0.0,0.0008996003248356033
CDAPPA120,0.0,0.00011256577521424893
CDAPPA140,0.0,0.00011245003803796172
CDAPPA141,0.0,0.00011256577521424893
CDAPPA160,0.0,0.00011245004103955375
CDAPPA161,0.0,0.00011245004101780726
CDAPPA180,0.0,0.00011245004069183884
CDAPPA181,0.0,0.00011245003781688162
CDGS,0.0,0.0
CDPMEK,0.004802425476009498,0.004802425476009498
CFAS160E,0.0,0.0
CFAS160G,0.0,0.0
CFAS180E,0.0,0.0
CFAS180G,0.0,0.0
CGLYabcpp,0.0,5.291766295138513e-05
CGLYtex,-7.2548401367113614e-06,0.0
CHLabcpp,0.0,0.0
CHLt2pp,0.0,0.0
CHLtex,0.0,0.0
CHORM,0.2277542671752144,0.22776047131504543
CHORS,0.2695649400449035,0.2695711441847344
CHRPL,0.00016162705722156927,0.00016162705722156927
CHTBSptspp,0.0,0.0
CHTBStex,0.0,0.0
CITL,0.0,0.0002249000763010489
CITt3pp,0.0,0.00029986676671889256
CITt7pp,0.0,0.00029986676671889256
CITtex,-1.3426870118182777e-05,0.0
CLIPAabctex,0.0,4.087233539708246e-07
CLPNH120pp,0.0,0.0
CLPNH140pp,0.0,0.0
CLPNH141pp,0.0,0.0
CLPNH160pp,0.0,0.0
CLPNH161pp,0.0,0.0
CLPNH180pp,0.0,0.0
CLPNH181pp,0.0,0.0
CLPNS120pp,0.0,0.0
CLPNS140pp,0.0,0.0
CLPNS141pp,0.0,0.0
CLPNS160pp,0.0021337670693286994,0.0021337670693286994
CLPNS161pp,0.0016597576728134243,0.0016597576728134243
CLPNS180pp,0.0,0.0
CLPNS181pp,0.000855246311755389,0.000855246311755389
CLt3_2pp,0.0017945676846663925,0.0017945676846663925
CLtex,0.003589135369332785,0.00358924256061854
CMPN,0.0,0.00011245001328492876
CMPtex,0.0,0.0
CMtex,0.0,0.0008996002853498553
CMtpp,0.0,0.0008996002853498553
CO2tex,-19.320198848927213,-19.320129476763356
CO2tpp,-19.32027941014873,-19.31833988546132
COBALT2abcpp,0.0,0.00022490007567910197
COBALT2t3pp,0.0,0.000899600277622703
COBALT2tex,1.739484023909266e-05,1.7394840239092608e-05
COBALT2tpp,1.739484023909266e-05,0.0009169951178617956
COLIPAKpp,0.0,0.0
COLIPAPabctex,0.0,0.0
COLIPAabcpp,0.005907722616143474,0.0059080112270275325
COLIPAabctex,0.005907722616143474,0.0059080112270275325
CPGNR1,0.0,5.997333624729131e-05
CPGNR2,0.0,5.997335338937166e-05
CPGNR3,0.0,5.9973351973970535e-05
CPGNUtex,0.0,0.00011994670394794107
CPGNUtpp,0.0,0.00011994670394794107
CPGNabcpp,0.0,0.00011994670394794107
CPGNexs,0.0,0.00011994670394794107
CPGNtonex,0.0,0.00011994670394794107
CPH4S,0.0,0.0
CPMPS,0.00017829711245069974,0.00017829711245069974
CPPPGO,0.0003177026112033455,0.00032469578159552935
CPPPGO2,0.0,5.4853675575832796e-06
CRNBTCT,0.0,0.0
CRNCAL2,0.0,0.0
CRNCAR,0.0,0.0
CRNCBCT,0.0,0.0
CRNCDH,0.0,0.0
CRNDCAL2,0.0,0.0
CRNDabcpp,0.0,0.00029986676694685464
CRNDt2rpp,-0.0002998667755965282,1000.0
CRNDtex,0.0,0.0
CRNabcpp,0.0,0.00029986676694685464
CRNt2rpp,-1000.0,0.0
CRNt7pp,0.0,0.0
CRNt8pp,0.0,1000.0
CRNtex,0.0,0.0
CS,0.0538941464269449,0.05501864682256685
CSND,0.0,0.00011245004714451057
CSNt2pp,0.0,0.0
CSNtex,0.0,0.0
CTBTCAL2,0.0,0.0
CTBTabcpp,0.0,0.00029986676694685464
CTBTt2rpp,-0.00029986676694685464,0.0
CTECOAI6,-0.06851053043359964,-0.06830704942785049
CTECOAI7,0.0,0.0
CTECOAI8,-0.03524344446210306,-0.03511488156887231
CTPS2,0.11264479190990695,0.1128695367783856
CU1Opp,0.0,0.0
CU1abcpp,0.0,0.0
CU2abcpp,0.0,0.00022490007567910197
CU2tex,0.0004885057699061709,0.000488505769906171
CU2tpp,0.0004885057699061709,0.0007134051723936208
CUt3,0.0,0.0
CUtex,0.0,0.0
CYANST,0.0,0.0
CYANSTpp,0.0,0.0
CYANtex,0.0,0.0
CYNTAH,0.0,0.0
CYNTt2pp,0.0,0.0
CYNTtex,0.0,0.0
CYSDDS,0.0,0.0
CYSDS,0.0,0.00011258506108735578
CYSDabcpp,0.0,0.0
CYSDtex,0.0,0.0
CYSS,0.17964328577393698,0.17975562327385725
CYSSADS,0.0,0.0
CYSTL,0.11328767709967956,0.1132904704905613
CYSTRS,0.0,0.0
CYSabc2pp,0.0,0.00011245003783955099
CYSabcpp,0.0,0.00022490002464081726
CYStex,-1.034023298726594e-05,0.0
CYStpp,0.0,0.00022490002464081726
CYTBD2pp,0.0,0.000449800126801847
CYTBDpp,0.0,0.00044980016247109234
CYTBO3_4pp,35.684201643988715,35.68527456497818
CYTD,0.0,0.00011245004230658888
CYTDH,0.0,7.49666918158226e-05
CYTDK2,0.0,0.00022490007598530148
CYTDt2pp,0.0,1000.0
CYTDt2rpp,-1000.0,0.0
CYTDtex,-6.920002406957115e-06,0.0
CYTK1,0.11860226110126763,0.11882716117433745
CYTK2,-0.0002249000703118259,0.00011245003796744868
D-LACt2pp,-2.1419054855087438e-05,0.0
D-LACtex,-2.1419054855087438e-05,0.0
DAAD,0.0,994.1363862400018
DADA,0.0,0.0001799200605804574
DADK,-0.018203192246694755,0.00011245004091975375
DADNt2pp,0.0,0.0
DADNtex,0.0,0.0
DAGK120,0.0,0.00022490009108366849
DAGK140,0.0,0.00022490009108366849
DAGK141,0.0,0.00022490009108366849
DAGK160,0.0,0.00022490009108366849
DAGK161,0.0,0.00022490009108366849
DAGK180,0.0,0.00022490009108366849
DAGK181,0.0,0.00022490009108366849
DALAt2pp,0.017135070577710527,0.018498829915352604
DALAtex,-0.0004641590341914713,0.0
DAMPtex,0.0,0.0
DAPAL,0.0,0.0
DAPDC,0.24167811200186406,0.24168644163430744
DAPE,0.26166550822159707,0.26167383785403486
DAPabcpp,0.0,0.0
DAPtex,-8.329632447956481e-06,0.0
DASYN120,0.0,0.00011245003803796172
DASYN140,0.0,0.00011245003803796172
DASYN141,0.0,0.00011256577521424893
DASYN160,0.04395893563921704,0.04407138568025659
DASYN161,0.03419100805995654,0.03430345810097435
DASYN180,0.0,0.00011245004069183884
DASYN181,0.017621697947210822,0.017734147985027704
DATPHs,0.0,6.920002319202312e-05
DB4PS,0.0006465082288862771,0.0006465082288862771
DBTS,1.449570019924388e-06,1.449570019924388e-06
DC6PH,0.0,0.0
DCAtex,0.0,0.0
DCMPtex,0.0,0.0
DCTPD,0.0,0.00011245003801386988
DCYTD,0.0,0.00022490007568218284
DCYTt2pp,0.0,0.0
DCYTtex,0.0,0.0
DDCAtexi,0.0,0.0
DDGALK,0.0,0.0
DDGLCNt2rpp,0.0,0.0
DDGLCNtex,0.0,0.0
DDGLK,0.0,0.0
DDPA,0.26956494004490344,0.2695736740268444
DDPGALA,0.0,0.0
DGK1,-0.018203192248108735,0.00011245002979362942
DGMPtex,0.0,0.0
DGSNt2pp,0.0,0.0
DGSNtex,0.0,0.0
DHACOAH,0.0,0.0
DHAD1,0.6157324077933055,0.6157431173207373
DHAD2,0.20461115702244115,0.20461956450168883
DHAPT,0.0,0.0002249358100971932
DHAtex,-2.141905423602708e-05,0.0
DHAtpp,-2.141905423602708e-05,0.0
DHBS,0.00048488117166470783,0.0005411061906582804
DHBSH,5.421010862427522e-20,5.622501899357258e-05
DHCINDO,0.0,0.0
DHDPS,0.2616655082215915,0.2616738378538186
DHFS,0.0006465082288862334,0.0006465082288862334
DHNAOT4,0.00032325411444313854,0.00032325456036671454
DHNCOAS,0.00032325411444313854,0.00032325456036671454
DHNCOAT,0.00032325411444313854,0.00032325456036671454
DHNPA2r,0.0006465082288862334,0.0006465091207334218
DHNPTE,0.0,0.0
DHORD2,0.0,0.23218367275248533
DHORD5,0.0,0.0004498001621353609
DHORDfum,0.0,0.23218369393438273
DHORTS,-0.23218367275199978,-0.23218369393438273
DHPPDA2,0.00032325411444313854,0.00032325411444313854
DHPS2,0.0006465082288864554,0.0006465082288862334
DHPTDCs2,0.0009712119133493403,0.0009821826482109778
DHPTPE,0.0,0.0
DHQS,0.26956494004490367,0.2695736740268444
DHQTi,0.26956494004490367,0.2695711516344851
DIMPtex,0.0,0.0
DINSt2pp,0.0,0.0
DINStex,0.0,0.0
DMATT,0.0006863714044341977,0.0006863714044341977
DMQMT,0.00016162705722156927,0.00016162727995411877
DMSOR1,0.0,0.0
DMSOR1pp,0.0,0.0
DMSOR2,0.0,0.0
DMSOR2pp,0.0,0.0
DMSOtex,0.0,0.0
DMSOtpp,0.0,0.0
DMStex,0.0,0.0
DNMPPA,0.0006465082288864554,0.0006465091198164779
DNTPPA,0.0006465082288864554,0.0006465091198164779
DOPAtex,0.0,0.0
DOXRBCNtex,0.0,0.0008996002854066987
DOXRBCNtpp,0.0,0.0008996002854066987
DPCOAK,0.0004174761657380621,0.0004174761657380621
DRPA,0.0,0.00022490007722462436
DSBAO1,0.0,0.0
DSBAO2,0.0,0.0
DSBCGT,0.0,0.0
DSBDR,0.0,0.0
DSBGGT,0.0,0.0
DSERt2pp,0.0,0.0
DSERtex,0.0,0.0
DTARTD,0.0,0.0
DTMPK,0.017978292171846988,0.018090742204669857
DTMPtex,0.0,0.0
DUMPtex,0.0,0.0
DURIK1,0.0,0.018203192241422528
DURIPP,-0.017989537173278197,7.496667437656424e-05
DURIt2pp,0.0,0.0
DURItex,0.0,0.0
DUTPDP,0.0,0.018053258863856076
DXPS,0.005125679590452637,0.005125679590452637
DXYLK,0.0,0.0
ECA4COLIPAabctex,0.0,0.0
ECA4OALpp,0.0,0.0
ECAP1pp,0.0,0.0
ECAP2pp,0.0,0.0
ECAP3pp,0.0,0.0
ECAtpp,0.0,0.0
ECOAH1,0.22691537708264375,0.2269917933442048
ECOAH2,0.22691537708264375,0.2269917933442048
ECOAH3,0.22691537708264375,0.2269943393827437
ECOAH4,0.22687716894950716,0.2269921650277138
ECOAH5,0.2267647189058053,0.2269921650277138
ECOAH6,0.19722610584459113,0.19745182419694243
ECOAH7,0.12293636711006875,0.12316143710085092
ECOAH8,0.03511488156900395,0.035243444520420275
EDA,8.285699691870995,8.28811720868685
EDD,8.285699691870995,8.28811720868685
EDTXS1,0.005907722616143474,0.005908146955812469
EDTXS2,0.005907722616143474,0.005908146955812469
EDTXS3,0.0,4.091440238759847e-07
EDTXS4,0.0,4.091440238759847e-07
ENLIPAabctex,0.0,0.0
ENO,-1.3823794046297717,-1.3806365612821323
ENTCS,0.00016162705722156927,0.0001803687302194268
ENTERES,0.0,1.8741672997857518e-05
ENTERES2,0.0,1.7135243915401505e-05
ETHAAL,0.0,0.0
ETHAt2pp,0.0,0.0
ETHAtex,0.0,0.0
ETHSO3abcpp,0.0,0.0
ETHSO3tex,0.0,0.0
ETOHtex,-2.141905488273199e-05,0.0
ETOHtrpp,-2.141905488273199e-05,0.0
F6PA,0.0,0.00022761387965886115
F6PP,0.0,0.00022490007566489112
F6Pt6_2pp,0.0,0.0
F6Ptex,0.0,0.0
FA100ACPHi,0.0,0.00011245003461812786
FA120ACPHi,0.0,0.00011245000559559348
FA140ACPHi,0.0,0.0001124500378371085
FA141ACPHi,0.0,0.00011245003783803831
FA160ACPHi,0.0,0.00011245003756134297
FA161ACPHi,0.0,0.00011245003491411332
FA80ACPHi,0.0,0.0001124500379875452
FACOAE100,0.0,0.0002251701305624465
FACOAE120,0.029313712997722563,0.029763513172224476
FACOAE140,0.00568255249233407,0.006132622714507319
FACOAE141,0.06830704941912502,0.06851053043359964
FACOAE160,0.08769297119720852,0.08791799243495349
FACOAE161,0.0,0.0
FACOAE180,0.0,0.0
FACOAE181,0.035114881569184034,0.03524344446210324
FACOAE60,0.0,0.00022490007593822803
FACOAE80,0.0,0.00011462439680795522
FACOAL100t2pp,0.0,0.0
FACOAL120t2pp,0.0,0.0
FACOAL140t2pp,0.0,0.0
FACOAL141t2pp,0.0,0.0
FACOAL160t2pp,0.0,0.0
FACOAL161t2pp,0.0,0.0
FACOAL180t2pp,0.0,0.0
FACOAL181t2pp,0.0,0.0
FACOAL60t2pp,0.0,0.00011245003489568361
FACOAL80t2pp,0.0,0.0
FALDtex,0.0,0.0
FALDtpp,0.0,0.0
FALGTHLs,0.0,0.0
FBA,-6.9095735756538845,-6.909048808874501
FBA3,0.0,0.00022492687800479416
FBP,6.909048808921027,6.909573602511832
FCI,0.0,0.0
FCLK,0.0,0.0
FCLPA,0.0,0.0
FCLT,0.00032325411444313854,0.0003246957815659963
FDH4pp,0.0,0.0023893248376190878
FDH5pp,0.0,0.0004552276412495878
FDMO,0.0,0.0
FDMO2,0.0,0.0
FDMO3,0.0,0.0
FDMO4,0.0,0.0
FDMO6,0.0,0.0
FE2abcpp,0.0,0.00022490007567910197
FE2t2pp,0.0,0.0008996002773926648
FE2t3pp,0.0,0.0008996002988723717
FE2tex,0.010654003315789279,1000.0
FE2tpp,0.010354136562967114,0.012153337157639648
FE3DCITabcpp,0.0,0.0
FE3DCITtonex,0.0,0.0
FE3DHBZR,0.0,0.0
FE3DHBZSabcpp,0.0,0.0
FE3DHBZStonex,0.0,0.0
FE3HOXR1,0.0,3.911305666085119e-05
FE3HOXR2,0.0,3.911305662559432e-05
FE3HOXR3,0.0,3.9113055532632905e-05
FE3HOXUtex,0.0,7.822611106526581e-05
FE3HOXUtpp,0.0,7.822611106526581e-05
FE3HOXabcpp,0.0,7.822611106526581e-05
FE3HOXexs,0.0,7.822611106526581e-05
FE3HOXtonex,0.0,7.822611106526581e-05
FE3Ri,0.0,6.425716273404962e-05
FE3abcpp,0.0,0.0005997335354663772
FE3tex,-999.988866209854,0.0005997335338937093
FECRMR1,0.0,3.91130565582859e-05
FECRMR2,0.0,3.91130565582859e-05
FECRMR3,0.0,3.9113055532632905e-05
FECRMUtex,0.0,7.822611106526581e-05
FECRMUtpp,0.0,7.822611537300838e-05
FECRMabcpp,0.0,7.822611537300838e-05
FECRMexs,0.0,7.822611537300838e-05
FECRMtonex,0.0,7.822611537300838e-05
FEENTERR1,0.0,3.915331302797987e-05
FEENTERR2,0.0,3.911306045576727e-05
FEENTERR3,0.0,3.91130557377635e-05
FEENTERabcpp,0.0,7.8226111475527e-05
FEENTERexs,0.0,7.8226111475527e-05
FEENTERtex,0.0,7.8226111475527e-05
FEENTERtonex,0.0,7.8226111475527e-05
FEENTERtpp,0.0,7.8226111475527e-05
FEOXAMR1,0.0,3.91130565582859e-05
FEOXAMR2,0.0,3.91130565582859e-05
FEOXAMR3,0.0,3.911305789163479e-05
FEOXAMUtex,0.0,7.822611578326957e-05
FEOXAMUtpp,0.0,7.822611537300838e-05
FEOXAMabcpp,0.0,7.822611537300838e-05
FEOXAMexs,0.0,7.822611537300838e-05
FEOXAMtonex,0.0,7.822611537300838e-05
FEROpp,0.0,249.99733649917027
FESD1s,0.002391984767916074,0.002761051550311155
FESD2s,-6.9200021393101e-05,0.0
FESR,0.004783249396563042,0.005512217345766235
FFSD,0.0,0.0
FHL,0.0,0.0
FMETTRS,0.0,0.0
FMNAT,0.00016162705722156927,0.00016162705722156927
FOMETRi,0.0,1000.0
FORCT,0.0,0.0
FORt2pp,0.0,0.0008996002989647423
FORtex,-0.00014993338882982456,-2.168404344971009e-19
FORtppi,0.0,0.0028391250117715027
FRD2,0.0,0.0
FRD3,0.5005135289766467,1000.0
FRUK,0.0,0.0
FRULYSDG,0.0,0.0
FRULYSE,0.0,0.0
FRULYSK,0.0,0.0
FRULYSt2pp,0.0,0.0
FRULYStex,0.0,0.0
FRUURt2rpp,0.0,0.0
FRUURtex,0.0,0.0
FRUpts2pp,0.0,0.0
FRUptspp,0.0,0.0
FRUtex,0.0,0.0
FTHFD,0.0,0.0002249000759739731
FTHFLi,0.0,0.002389324826575928
FUCtex,0.0,0.0
FUCtpp,0.0,0.0
FUM,-0.0008996004539518765,0.0
FUMt2_2pp,0.0,0.0
FUMt2_3pp,0.0,0.0
FUMtex,0.0,0.0
FUSAtex,0.0,0.0008996002854066987
FUSAtpp,0.0,0.0008996002854066987
G1PACT,0.05179023767140074,0.051824837687442706
G1PPpp,0.0,0.0
G1PTT,0.005907722616143474,0.0059080115240746425
G1Ptex,0.0,0.0
G1SAT,0.0038790493733176622,0.003890582710536789
G2PP,0.0,0.0
G2PPpp,0.0,0.0
G3PAT120,0.0,0.0
G3PAT140,0.0,0.0
G3PAT141,0.0,0.0
G3PAT160,0.0,0.043960248494360886
G3PAT161,0.0,0.034191055177380865
G3PAT180,0.0,0.0
G3PAT181,0.0,0.017621722231051615
G3PCabcpp,0.0,0.0
G3PCtex,0.0,0.0
G3PD5,0.0,0.00029986675926575723
G3PD6,0.0,0.0001799200555755165
G3PD7,0.0,0.00029986676739673923
G3PEabcpp,0.0,0.0
G3PEtex,0.0,0.0
G3PGabcpp,0.0,0.0
G3PGtex,0.0,0.0
G3PIabcpp,0.0,0.0
G3PItex,0.0,0.0
G3PSabcpp,0.0,0.0
G3PStex,0.0,0.0
G3PT,0.0,0.00022490007568985206
G5SADs,0.0,0.00022490007600595163
G6PDA,0.0,0.00022490008211842327
G6PP,0.0,0.00022490007566489112
G6Pt6_2pp,0.0,0.0
G6Ptex,0.0,0.0
GAL1PPpp,0.0,0.0
GAL1Ptex,0.0,0.0
GALBDtex,0.0,0.0
GALCTD,0.0,0.0
GALCTND,0.0,0.0
GALCTNLt2pp,0.0,0.0
GALCTNLtex,0.0,0.0
GALCTNt2pp,0.0,0.0
GALCTNtex,0.0,0.0
GALCTt2rpp,0.0,0.0
GALCTtex,0.0,0.0
GALKr,0.0,0.0
GALM2pp,0.0,0.0
GALS3,0.0,0.0
GALT1,0.005907722616143474,0.0059080112270275325
GALTptspp,0.0,0.0
GALTtex,0.0,0.0
GALURt2rpp,0.0,0.0
GALURtex,0.0,0.0
GALUi,0.023630890464573895,0.023743340499034815
GALabcpp,0.0,0.0
GALt2pp,0.0,0.0
GALtex,0.0,0.0
GAM6Pt6_2pp,0.0,0.0
GAMAN6Ptex,0.0,0.0
GAMptspp,0.0,0.0
GAMtex,0.0,0.0
GARFT,0.3129537612308627,0.315364006996376
GART,0.0,0.011686337467668288
GBBTNtex,0.0,0.0
GDMANE,0.0,0.0
GDPDPK,0.0,0.00011245004103765943
GDPMNH,0.0,0.00022490009769171593
GDPMNP,0.0,0.00022490007569705983
GDPTPDP,0.0,0.00011245003800475217
GDPtex,0.0,0.0
GF6PTA,0.05179023767151443,0.052015137747145807
GGGABAH,0.0,5.622501751329562e-05
GGPTRCO,0.0,5.622501751329562e-05
GGPTRCS,0.0,5.622501751329562e-05
GHMT2r,0.9791187386914946,0.9827501235712388
GK1,0.17145224281661678,0.1896554350643811
GLBRAN2,0.0,1000.0
GLCATr,0.0,0.0
GLCDpp,0.0,0.0002998667587608139
GLCNt2rpp,0.0,0.0002998667587608139
GLCNtex,-1.1836845764889858e-05,0.0
GLCP,0.0,0.00022490005623505838
GLCP2,0.0,0.0
GLCRAL,0.0,0.0
GLCRD,0.0,0.0
GLCRt2rpp,0.0,0.0
GLCRtex,0.0,0.0
GLCS1,0.11175242633044036,0.11197732638727587
GLCTR1,0.005907722616143474,0.0059080112270275325
GLCTR2,0.005907722616143474,0.0059080112270275325
GLCTR3,0.005907722616143474,0.0059080112270275325
GLCUR1Ptex,0.0,0.0
GLCURt2rpp,0.0,0.0
GLCURtex,0.0,0.0
GLCabcpp,0.0,0.0002249000759442636
GLCptspp,8.159100399743753,8.159775099924056
GLCt2pp,0.0,0.019495764704107188
GLCtex,-991.8400112585061,8.160000000000196
GLCtexi,0.0,1000.0
GLDBRAN2,0.0,1000.0
GLGC,0.11175242633044036,0.11197732638727587
GLNS,1.2593096060976499,1.2595347762207965
GLNTRS,0.0,0.0
GLNabcpp,0.0,0.0
GLNtex,0.0,0.0
GLU5K,0.0,0.000224900076410961
GLUABUTt7pp,0.0,1000.0
GLUCYS,0.00016162705719580117,0.00021454472336454518
GLUDC,0.0,0.0002249000821228364
GLUN,0.0,0.00022490008211838164
GLUNpp,0.0,0.0
GLUPRT,0.31534308605875805,0.31536400699622286
GLUR,-0.019990691471266253,-0.019987396219727428
GLUTRS,0.0038790493733176622,0.003890582710536789
GLUabcpp,0.0,0.00029986676694685464
GLUt2rpp,-1000.0,5.2917663158005704e-05
GLUt4pp,0.0,1000.0
GLUtex,-1.405625404315991e-05,0.0
GLXCL,0.0,0.0004357041492346614
GLYALDtex,-2.369805790527167e-05,0.0
GLYALDtpp,-2.369805790527167e-05,0.0
GLYAT,0.3831250773040342,1000.0
GLYBabcpp,0.0,0.0
GLYBt2pp,0.0,0.0
GLYBtex,0.0,0.0
GLYC2Pabcpp,0.0,0.0
GLYC2Ptex,0.0,0.0
GLYC3Pabcpp,0.0,0.0
GLYC3Pt6pp,0.0,0.0
GLYC3Ptex,0.0,0.0
GLYCAt2rpp,-2.5702865727339486e-05,0.0
GLYCAtex,-2.5702865727339486e-05,0.0
GLYCK,0.0,0.00043570415241789284
GLYCK2,0.0,0.0004357041604576839
GLYCLTt2rpp,-1000.0,0.0
GLYCLTt4pp,0.0,1000.0
GLYCLTtex,-4.283810966607398e-05,0.0
GLYCTO2,0.0,0.00029986676761832126
GLYCTO3,0.0,0.0001801051934542386
GLYCTO4,0.0,0.0002998667587397937
GLYCtex,-1.999111727580237e-05,0.0
GLYCtpp,-0.004648777460205189,-0.00462877993662171
GLYK,0.004625068936438992,0.004873671123107215
GLYOX,0.0,0.00030022685866507953
GLYOX3,0.0,0.00029986678856630533
GLYTRS,0.0,0.0
GLYt2pp,0.0,1000.0
GLYt2rpp,-1000.0,0.0
GLYt4pp,0.0,1000.0
GLYtex,-3.911305556975053e-05,0.0
GMAND,0.0,0.0
GMHEPAT,0.023630890464573895,0.023632044908106904
GMHEPK,0.023630890464573895,0.023632044908106904
GMHEPPA,0.023630890464573895,0.023632044908106904
GMPS2,0.17145224281661678,0.1715272095064484
GMPtex,0.0,0.0
GNK,0.0,0.00029986676792933517
GP4GH,0.0,0.0
GPDDA1,0.0,0.0
GPDDA1pp,0.0,0.0
GPDDA2,0.0,0.0
GPDDA2pp,0.0,0.0
GPDDA3,0.0,0.0
GPDDA3pp,0.0,0.0
GPDDA4,0.0,0.0
GPDDA4pp,0.0,0.0
GPDDA5,0.0,0.0
GPDDA5pp,0.0,0.0
GRTT,0.0006863714044341977,0.0006863723502984365
GRXR,0.0,0.25759968103684716
GSNK,0.0,0.018203192241706745
GSNt2pp,0.0,0.0
GSNtex,0.0,0.0
GSPMDA,0.0,0.00022490007567910197
GSPMDS,0.0,0.00022490007567910197
GTHOXtex,0.0,0.0
GTHPi,0.0,6.425716274216509e-05
GTHRDHpp,0.0,5.291766440688905e-05
GTHRDabc2pp,0.0,0.00011245003783955099
GTHRDabcpp,0.0,0.00011245003786531908
GTHRDtex,-4.785107838179049e-06,0.0
GTHS,0.00016162705719580117,0.00021454472204475276
GTPCI,0.0006465082288862334,0.0006465082288862334
GTPCII2,0.00032325411444313854,0.0003232545603667162
GTPDPDP,0.0,7.505670743923609e-05
GTPDPK,0.0,0.00011245003801207965
GTPHs,0.0,4.498001390762507e-05
GTPtex,0.0,0.0
GUACYC,0.0,0.00011245003789084329
GUAD,0.0,7.496668982628907e-05
GUAPRT,0.0,0.00022517012229006405
GUAt2pp,0.0,0.0008996000662762071
GUAtex,-1.0709527717450706e-05,0.0
GUAtpp,-0.0008996003249492901,0.0
GUI1,0.0,0.0
GUI2,0.0,0.0
GUR1PPpp,0.0,0.0
H2O2tex,0.0,0.0
H2Otex,-538.0047022542051,-38.01023776787155
H2Otpp,-38.03923416607095,-38.024593994441936
H2SO,0.0,2.044546146592885e-05
H2St1pp,0.0,2.092093677374951e-05
H2Stex,-2.092093677374951e-05,0.0
H2tex,0.0,0.0
H2tpp,0.0,0.0
HBZOPT,0.00016162705722156927,0.00016162705722156927
HCINNMt2rpp,0.0,0.0
HCINNMtex,0.0,0.0
HCO3E,0.40722118263117724,0.40759891524541714
HCYSMT,-2.5443362694499427e-13,1.0970732259466508e-05
HCYSMT2,0.0,0.0
HDCAtexi,0.0,0.0
HDCEAtexi,0.0,0.0
HEMEOS,0.00016162705722156927,0.00016162705722156927
HEPK1,0.005907722616143474,0.00590801122702711
HEPK2,0.005907722616143474,0.00590801122702711
HEPT1,0.005907722616143474,0.00590801122702711
HEPT2,0.005907722616143474,0.00590801122702711
HEPT3,0.005907722616143474,0.00590801122702711
HEPT4,0.005907722616143474,0.00590801122702711
HETZK,0.0,0.0
HEX1,0.0,0.0008996002780126133
HEX4,0.0,0.00022490006946895846
HEX7,0.0,0.0008996002986982887
HEXt2rpp,-0.0001124500350524471,0.0
HG2abcpp,0.0,0.0
HG2t3pp,0.0,0.0
HG2tex,0.0,0.0
HISTP,0.06672080887710763,0.06672989574860305
HISTRS,0.0,0.0
HISabcpp,0.0,0.0002998667679321443
HISt2rpp,-0.000299866766974749,0.0
HIStex,-9.08687152331722e-06,0.0
HKNDDH,0.0,0.0
HKNTDH,0.0,0.0
HMBS,0.0004848811716647078,0.000486324569887484
HMPK1,0.0,0.0
HOMt2pp,0.0,1.4509681860230828e-05
HOMtex,-1.4509681860230828e-05,0.0
HOPNTAL,0.0,0.0
HPPK2,0.0006465082288862334,0.0006465082288862334
HPPPNDO,0.0,0.0
HPPPNt2rpp,0.0,0.0
HPPPNtex,0.0,0.0
HPYRI,-1000.0,1000.0
HSK,0.0,0.00015011341845394544
HSST,0.11328752098073694,0.11329047049056111
HSTPT,0.06672080887710763,0.06672989574860305
HXAtex,-8.03214536043706e-06,0.0
HXCT,0.0,0.00022490007593822803
HXPRT,0.0,0.00243683553505214
HYD1pp,0.0,0.0
HYD2pp,0.0,0.0
HYD3pp,0.0,0.0
HYPOE,0.0,0.00022490007567910197
HYXNtex,-1.0970735139337329e-05,0.0
HYXNtpp,-1.0970735139337329e-05,0.0
Htex,-6.598406827761006,993.3914196805157
I2FE2SR,0.0,1.449570019924388e-06
I2FE2SS,7.67188552054426e-05,0.00019786658039227067
I2FE2SS2,6.947100182954086e-05,0.00018192128819948693
I2FE2ST,0.0,1.739486421030951e-05
I4FE4SR,0.0,0.00018192128819948693
I4FE4ST,0.0,0.00018192128819948693
ICHORS,-999.9991918647139,0.0008137695262818085
ICHORSi,0.0,1000.0
ICHORT,0.0004848811716647078,0.0004905212103529788
ICL,0.0,0.00022490006954045683
ICYSDS,0.0005182212821229688,0.0012792455425832728
IDONt2rpp,-1.1836845775548e-05,0.0
IDONtex,-1.1836845775548e-05,0.0
IG3PS,0.06672080887710763,0.06672989574860305
IGPDH,0.06672080887710763,0.06672989574860305
IGPS,0.040032775240251825,0.04003877257560476
ILETA,-0.20461956450168883,-0.20461115702244115
ILETRS,0.0,0.0
ILEabcpp,0.0,0.0002998667677331886
ILEt2rpp,-0.00029986675913749964,0.0
ILEtex,-8.40747932331909e-06,0.0
IMPC,-0.3819231888159232,-0.3819022678787511
IMPtex,0.0,0.0
INDOLEt2pp,0.0,1000.0
INDOLEt2rpp,-5.99733518489437e-06,1000.0
INDOLEtex,-5.99733518489437e-06,0.0
INOSTt4pp,0.0,0.0
INSH,0.0,0.00022490006954711816
INSK,0.0,0.00022490006948316932
INSTtex,0.0,0.0
INSt2pp,0.0,1000.0
INSt2rpp,-1000.0,0.0
INStex,-5.963749526438633e-06,0.0
IPDDI,-0.004116059749602198,0.0006863723502984365
IPPMIa,-0.31730349971321825,-0.31729536934419106
IPPMIb,-0.31730349971321825,-0.31729536934419106
IPPS,0.31730349971321825,0.31730349971321825
ISETACabcpp,0.0,0.0
ISETACtex,0.0,0.0
K2L4Aabcpp,0.0,5.672131928400465e-07
K2L4Aabctex,0.0,5.672131928400465e-07
KAS14,0.0,7.64162646831601e-05
KAS15,0.0,7.641626183608197e-05
KDOCT2,0.017723167848203047,0.017724303442373086
KDOPP,0.017723167848203047,0.017724303442373086
KDOPS,0.017723167848203047,0.017724303442373086
KG6PDC,0.0,0.0
Kabcpp,0.0,0.00029986675829718105
Kt2pp,0.13428546172349695,0.13503512863869027
Kt3pp,0.0,0.0004498001388104633
Ktex,0.1345853284998798,0.13458551415806172
L-LACD2,0.0,0.0002998667683016265
L-LACD3,0.0,0.00017994860136738566
L-LACt2rpp,-2.14190548195603e-05,0.0
L-LACtex,-2.14190548195603e-05,0.0
LA4NTpp,0.0,0.0
LACZ,0.0,0.0
LACZpp,0.0,0.0
LADGMDH,0.0,0.0
LALADGLUtex,0.0,0.0
LALADGLUtpp,0.0,0.0
LALALGLUtex,0.0,0.0
LALALGLUtpp,0.0,0.0
LALGP,0.0,0.0
LCTSt3ipp,0.0,0.00044980020193641224
LCTStex,0.0,0.0
LCTStpp,0.0,0.00044980020193641224
LDH_D2,0.0,0.00029986676840880005
LEUTAi,0.31729493209127213,0.31730349971321825
LEUTRS,0.0,0.0
LEUabcpp,0.0,0.0002998667685195226
LEUt2rpp,-0.00029986676007365265,0.0
LEUtex,-8.567621974375772e-06,0.0
LGTHL,0.0,0.00029986678974580627
LIPACabcpp,0.0,4.091440238759847e-07
LIPAHT2ex,0.0,0.0
LIPAHTex,0.0,0.0
LIPAMPL,0.0,0.0
LIPATPT,0.0,0.0
LIPAabcpp,0.0,4.243396807832381e-07
LIPAabctex,0.0,4.243396807832381e-07
LIPOCT,0.0,2.1743550298865823e-06
LIPOt2pp,0.0,0.0
LIPOtex,0.0,0.0
LPADSS,0.005907722616029787,0.005908289829321019
LPLIPAL1A120pp,0.0,0.0
LPLIPAL1A140pp,0.0,0.0
LPLIPAL1A141pp,0.0,0.0
LPLIPAL1A160pp,0.0,0.0
LPLIPAL1A161pp,0.0,0.0
LPLIPAL1A180pp,0.0,0.0
LPLIPAL1A181pp,0.0,0.0
LPLIPAL1E120pp,0.0,0.0
LPLIPAL1E140pp,0.0,0.0
LPLIPAL1E141pp,0.0,0.0
LPLIPAL1E160pp,0.0,0.0
LPLIPAL1E161pp,0.0,0.0
LPLIPAL1E180pp,0.0,0.0
LPLIPAL1E181pp,0.0,0.0
LPLIPAL1G120pp,0.0,0.0
LPLIPAL1G140pp,0.0,0.0
LPLIPAL1G141pp,0.0,0.0
LPLIPAL1G160pp,0.0,0.0
LPLIPAL1G161pp,0.0,0.0
LPLIPAL1G180pp,0.0,0.0
LPLIPAL1G181pp,0.0,0.0
LPLIPAL2A120,0.0,0.0
LPLIPAL2A140,0.0,0.0
LPLIPAL2A141,0.0,0.0
LPLIPAL2A160,0.0,0.0
LPLIPAL2A161,0.0,0.0
LPLIPAL2A180,0.0,0.0
LPLIPAL2A181,0.0,0.0
LPLIPAL2ATE120,0.0,0.0
LPLIPAL2ATE140,0.0,0.0
LPLIPAL2ATE141,0.0,0.0
LPLIPAL2ATE160,0.0,0.0
LPLIPAL2ATE161,0.0,0.0
LPLIPAL2ATE180,0.0,0.0
LPLIPAL2ATE181,0.0,0.0
LPLIPAL2ATG120,0.0,0.0
LPLIPAL2ATG140,0.0,0.0
LPLIPAL2ATG141,0.0,0.0
LPLIPAL2ATG160,0.0,0.0
LPLIPAL2ATG161,0.0,0.0
LPLIPAL2ATG180,0.0,0.0
LPLIPAL2ATG181,0.0,0.0
LPLIPAL2E120,0.0,0.0
LPLIPAL2E140,0.0,0.0
LPLIPAL2E141,0.0,0.0
LPLIPAL2E160,0.0,0.0
LPLIPAL2E161,0.0,0.0
LPLIPAL2E180,0.0,0.0
LPLIPAL2E181,0.0,0.0
LPLIPAL2G120,0.0,0.0
LPLIPAL2G140,0.0,0.0
LPLIPAL2G141,0.0,0.0
LPLIPAL2G160,0.0,0.0
LPLIPAL2G161,0.0,0.0
LPLIPAL2G180,0.0,0.0
LPLIPAL2G181,0.0,0.0
LYSDC,0.0,8.329632447956481e-06
LYSTRS,0.0,0.0
LYSabcpp,0.0,0.00017992005545011035
LYSt2pp,0.0,0.00044980014943618585
LYSt3pp,0.0,0.00044980014942655466
LYStex,-8.329632435633005e-06,0.0
LYXI,0.0,0.0
LYXt2pp,0.0,0.0
LYXtex,0.0,0.0
MACPD,0.0,0.00022490010462372645
MALCOAMT,1.449570019924388e-06,1.449570019924388e-06
MALDt2_2pp,0.0,0.0
MALDtex,0.0,0.0
MALS,0.0,0.0008714082975696538
MALTATr,0.0,0.0
MALTHXabcpp,0.0,0.0
MALTHXtexi,0.0,0.0
MALTPTabcpp,0.0,0.0
MALTPTtexi,0.0,0.0
MALTTRabcpp,0.0,0.0
MALTTRtexi,0.0,0.0
MALTTTRabcpp,0.0,0.0
MALTTTRtexi,0.0,0.0
MALTabcpp,0.0,0.0
MALTptspp,0.0,0.0
MALTtexi,0.0,0.0
MALt2_2pp,0.0,0.0002998667671153162
MALt2_3pp,0.0,0.00022490008198872147
MALt3pp,0.0,0.0002998667739101772
MALtex,-1.999111783490548e-05,0.0
MAN1PT2,0.0,0.00022490007567574355
MAN6PI,0.0,0.0
MAN6Pt6_2pp,0.0,0.0
MAN6Ptex,0.0,0.0
MANGLYCptspp,0.0,0.0
MANGLYCtex,0.0,0.0
MANPGH,0.0,0.0
MANptspp,0.0,0.0
MANtex,0.0,0.0
MCITD,0.0,0.00022490007569941906
MCITL2,0.0,0.00022490007569941906
MCITS,0.0,0.00022490008205888756
MCOATA,0.09201580572407207,0.10014104888192009
MCPST,0.0,0.0
MCTP1App,0.004370150075120971,0.008736991934467982
MCTP1Bpp,0.0005250356977411965,0.0009834858412802881
MCTP2App,0.0004877803117045566,0.0005047539022815745
MDDCP1pp,0.003930636728328146,0.008970658571299465
MDDCP2pp,0.0004877803117045566,0.0005047539018994912
MDDCP3pp,0.0,0.004124968208100313
MDDCP4pp,0.0,0.004124968208100313
MDDCP5pp,0.0,0.0004498001381950358
MDDEP1pp,0.0,0.0041249682206031
MDDEP2pp,0.0,0.0004498001634197467
MDDEP3pp,0.0,0.004124968219568373
MDDEP4pp,0.0,1.697359019493458e-05
MDH2,0.0,0.0002998667592031268
MDH3,0.0,0.0001799200776524401
MECDPDH5,0.004802425476009498,0.004802425476009498
MECDPS,0.004802425476009498,0.004802425476009498
MELIBt2pp,0.0,0.0004498001506325622
MELIBt3ipp,0.0,0.00045026308428974815
MELIBtex,0.0,0.0
MEOHtex,-1.449570019924388e-06,-1.449570019924388e-06
MEOHtrpp,-1.449570019924388e-06,-1.449570019924388e-06
MEPCT,0.004802425476009498,0.004802432094062946
METAT,0.006189663984855542,0.006200634719966227
METDabcpp,0.0,0.0
METDtex,0.0,0.0
METOX1s,0.0,6.425716449756647e-05
METOX2s,0.0,6.425716610847232e-05
METS,0.11425873289408628,0.114261682403921
METSOX1abcpp,0.0,0.0
METSOX1tex,0.0,0.0
METSOX2abcpp,0.0,0.0
METSOX2tex,0.0,0.0
METSOXR1,0.0,6.425716449756647e-05
METSOXR2,0.0,6.425716610847232e-05
METTRS,0.0,0.0
METabcpp,0.0,0.0
METtex,0.0,0.0
MG2t3_2pp,0.005531850548393447,0.0059816589303198905
MG2tex,0.005981650687217988,0.0059816589303198905
MG2tpp,0.0,0.00044980013882454147
MG2uabcpp,0.0,0.0001499333834734287
MGSA,0.0,0.0002998667679889877
MI1PP,0.0,0.0
MICITDr,0.0,0.00022490007569941906
MINCYCtex,0.0,0.0009006805160787223
MINCYCtpp,0.0,0.0009006805160787223
MINOHPtexi,0.0,0.0
MLDCP1App,0.0004384949310271274,0.000888295082848152
MLDCP1Bpp,0.0,0.00022490008413914193
MLDCP2App,0.0,0.00044980013880876676
MLDCP2Bpp,0.0,0.0011403548276740403
MLDCP3App,0.0005250357828246923,0.0009748371817860872
MLDEP1pp,0.0005250357828246923,0.0009748371817860872
MLDEP2pp,0.0,0.00045026308708359317
MLTG1,0.0,0.0
MLTG2,0.0,0.0
MLTG3,0.0,0.00022490007569331283
MLTG4,0.0,0.00022490007569331283
MLTG5,0.0,0.00022490007569331283
MLTGY1pp,0.0,8.48679557272601e-06
MLTGY2pp,0.0,8.56762249657611e-06
MLTGY3pp,0.0,8.650002911199839e-06
MLTGY4pp,0.0,1.6973590577017833e-05
MLTP1,-0.00022490007569331283,0.0
MLTP2,-0.00022490007569331283,0.0
MLTP3,-0.00022490007569331283,0.0
MMCD,0.0,0.00022490325065138705
MMETt2pp,0.0,0.0
MMETtex,0.0,0.0
MMM,0.0,0.00022490325065138705
MN2t3pp,0.0,0.0008996002776262557
MN2tpp,0.0,0.0013765088141813795
MN6PP,0.0,0.00022490007539488488
MNLptspp,0.0,0.0
MNLtex,0.0,0.0
MNNH,0.0,0.0
MNt2pp,0.0,0.0006882544150235148
MNtex,0.0004769085365551237,0.0004769085365551237
MOAT,0.0059077226159729435,0.005908289829321019
MOAT2,0.0059077226159729435,0.005908289829321019
MOAT3C,0.005907722616143474,0.005907722616143474
MOBDabcpp,9.92955463648206e-05,9.929568320051247e-05
MOBDtex,9.92955463648206e-05,9.929568320051247e-05
MOCDS,5.073495069735359e-06,5.073502061340052e-06
MOCOS,9.422205129508524e-05,9.422218113917241e-05
MOGDS,5.073495069735359e-06,5.073502061340052e-06
MOHMT,0.0004174761657380621,0.00041747674104702286
MOX,0.0,0.0013399332586532362
MPTAT,0.00017829711245069974,0.00017829711245069974
MPTG,0.009749807954011435,0.009758375593303212
MPTG2,0.0004877803117045566,0.0005047539018994912
MPTS,0.00017829711245069974,0.0001782973581556647
MPTSS,0.0003565942249013995,0.0003565947163113294
MSO3abcpp,0.0,0.0
MSO3tex,0.0,0.0
MTAN,0.0048879501072178755,0.004890899615606403
MTHFC,0.6950176562875185,0.6976318810947868
MTHTHFSs,0.0009712119133493403,0.000982182648189089
MTRPOX,0.0,0.0
N2Otex,0.0,0.0
N2Otpp,0.0,0.0
NACODA,0.0,0.0001124500385569216
NACtex,0.0,0.0
NACtpp,0.0,0.0
NADDP,0.0,0.00011245003453504393
NADN,0.0,3.21285809527743e-05
NADS1,0.0016517850373247711,0.001708010047310915
NAMNPP,0.0,3.2161643867466084e-05
NAt3_1p5pp,0.0,0.0008996002787882819
NAt3_2pp,0.0,0.0008996002989138056
NAt3pp,0.0,1000.0
NAtex,0.0,0.0
NDPK1,0.0,2.4168965775831452
NDPK2,0.28960886949510595,0.3076996117049582
NDPK3,0.09992661739220729,0.11893961121232621
NDPK4,0.02388601478799046,0.02399846482053647
NDPK5,0.0,0.018788093750852133
NDPK6,0.0,0.01805325886394371
NDPK7,0.0,0.018675643710506645
NDPK8,0.0,0.01809074220994467
NH4tex,7.61479352967311,7.614793529673189
NH4tpp,7.61479352967311,7.614913476375992
NI2abcpp,0.0,0.00022490007567910197
NI2t3pp,0.0,0.0008996002776262557
NI2tex,0.00022250899805839356,0.00022250899805839356
NI2tpp,0.0,0.0011221092756846492
NI2uabcpp,0.0,0.0002244218602356784
NMNAT,0.0,0.00011245003799764675
NMNDA,0.0,5.622500963494109e-05
NMNN,0.0,3.2128576893545156e-05
NMNPtpp,0.0,0.0
NMNt7pp,0.0,0.0
NMNtex,0.0,0.0
NNAM,0.0,3.2128576893545156e-05
NNATr,0.0016517850373247711,0.0017080100472944837
NNDMBRT,0.0,0.0
NNDPR,0.0016517850373247711,0.0016517850377038405
NO2t2rpp,0.0,0.0
NO2tex,0.0,0.0
NO3R1bpp,0.0,0.0
NO3R1pp,0.0,0.0
NO3R2bpp,0.0,0.0
NO3R2pp,0.0,0.0
NO3t7pp,0.0,0.0
NO3tex,0.0,0.0
NOVBCNtex,0.0,0.0008996003089665194
NOVBCNtpp,0.0,0.0008996003089665194
NOtex,0.0,0.0
NOtpp,0.0,0.0
NTD1,0.0,0.0002249000756862074
NTD10,0.0,0.00022490006921316308
NTD10pp,0.0,0.0
NTD11,0.0,0.00022490007629727415
NTD11pp,0.0,0.0
NTD12,0.0,0.0011467461483125607
NTD12pp,0.0,0.0
NTD1pp,0.0,0.0
NTD2,0.0,0.018203192248159583
NTD2pp,0.0,0.0
NTD3,0.0,0.00022490002308784077
NTD3pp,0.0,0.0
NTD4,0.0,0.0002249000695333514
NTD4pp,0.0,0.0
NTD5,0.0,0.00022490007591358108
NTD5pp,0.0,0.0
NTD6,0.0,0.018203192194924334
NTD6pp,0.0,0.0
NTD7,0.0,0.00022490007564660106
NTD7pp,0.0,0.0
NTD8,0.0,0.0182031921792003
NTD8pp,0.0,0.0
NTD9,0.0,0.00022490007598463535
NTD9pp,0.0,0.0
NTP1,0.0,0.00022490006944053675
NTP10,0.0,0.00022490007604325513
NTP11,0.0,0.0
NTP12,0.0,0.0
NTP3,0.0,0.00022490006956199515
NTP3pp,0.0,0.0
NTP5,0.0,0.00022490007534504974
NTPP1,0.0,0.0001124500347320645
NTPP10,0.0,0.0011467461483125607
NTPP11,0.0,4.4980013904849514e-05
NTPP2,0.0,0.00011245003788287744
NTPP3,0.0,0.00011245003760507188
NTPP4,0.0,0.00011245003766667538
NTPP5,0.0,0.00011245003474000259
NTPP6,0.0,0.00011245003491766603
NTPP7,0.0,0.00011245003255763372
NTPP8,0.0,0.00011245003472276638
NTPP9,0.0,6.920002137278392e-05
NTPTP1,0.0,0.0002249000703882122
NTPTP2,0.0,0.00011245003783708074
NTRIR3pp,0.0,0.0
NTRIR4pp,0.0,0.0
O16A4COLIPAabctex,0.0,0.0
O16A4Lpp,0.0,0.0
O16AP1pp,0.0,0.0
O16AP2pp,0.0,0.0
O16AP3pp,0.0,0.0
O16AT,0.0,0.0
O16AUNDtpp,0.0,0.0
O16GALFT,0.0,0.0
O16GLCT1,0.0,0.0
O16GLCT2,0.0,0.0
O2Stex,0.0,0.0
O2tex,17.84543333490283,267.84276983407847
O2tpp,17.845433106814625,17.84558326829088
OAADC,0.0,988.146770787263
OBTFL,0.0,0.00011258506387945566
OCBT,0.20831770756308288,0.2096173531960572
OCDCAtexi,0.0,0.0
OCDCEAtexi,0.0,0.0
OCTAtex,0.0,0.0
OCTDPS,0.0004848811716647078,0.00048488183986235907
OCTNLL,0.0,2.1743550298865823e-06
OGMEACPD,1.449570019924388e-06,1.449570019924388e-06
OGMEACPS,1.449570019924388e-06,1.449570019924388e-06
OHPBAT,0.00016162705722156927,0.00016162728018335806
OHPHM,0.00016162705722156927,0.00016162728018335806
OMBZLM,0.00016162705722156927,0.00016162728018335806
OMCDC,0.31729493209127213,0.31730349971322563
OMMBLHX,0.0,0.00016162705722156927
OMPDC,0.23216603353086462,0.2321836755542806
OMPHHX,0.0,0.0001616272799541188
OP4ENH,0.0,0.0
OPHBDC,0.00016162705722156927,0.0001616272799541188
OPHHX,0.0,0.0001616272799541188
OPMEACPD,1.449570019924388e-06,1.449572017525729e-06
OPMEACPS,1.449570019924388e-06,1.449572017525729e-06
ORNDC,0.02894157403538431,0.02907651408058632
ORNabcpp,0.0,0.00017992006016811411
ORNtex,-1.0340233416228362e-05,0.0
OROTt2_2pp,0.0,0.0
OROTtex,0.0,0.0
ORPT,-0.23218367275199978,-0.23216603353086462
OXAMTC,0.0,1.8741673018315044e-05
OXCDC,0.0,0.0
OXDHCOAT,0.0,0.0
PA120abcpp,0.0,0.0
PA140abcpp,0.0,0.0
PA141abcpp,0.0,0.0
PA160abcpp,0.0,0.0
PA161abcpp,0.0,0.0
PA180abcpp,0.0,0.0
PA181abcpp,0.0,0.0
PACALDt2rpp,0.0,0.0
PACALDtex,0.0,0.0
PACCOAL,0.0,0.0
PANTS,0.0004174761657380621,0.0004174761657380621
PAPA120,0.0,0.00022490009108366849
PAPA120pp,0.0,0.0
PAPA140,0.0,0.00022490009108366849
PAPA140pp,0.0,0.0
PAPA141,0.0,0.00022490009108366849
PAPA141pp,0.0,0.0
PAPA160,0.0,0.00022490009108366849
PAPA160pp,0.0,0.0
PAPA161,0.0,0.00022490009108366849
PAPA161pp,0.0,0.0
PAPA180,0.0,0.00022490009108366849
PAPA180pp,0.0,0.0
PAPA181,0.0,0.00022490009108366849
PAPA181pp,0.0,0.0
PAPPT3,0.019987396219727428,0.020004531497629856
PAPSR,0.0,0.1796639591496726
PAPSR2,0.0,0.17966395915054903
PDE1,0.0,0.00011245003491766603
PDE4,0.0,0.00011245003789084329
PDX5POi,0.0,0.0013399329663867584
PDXPP,0.0,0.00022490007567910197
PE120abcpp,0.0,0.0
PE140abcpp,0.0,0.0
PE141abcpp,0.0,0.0
PE160abcpp,0.023046713746777848,0.023046713746777848
PE161abcpp,0.017925382866384985,0.017925382866384985
PE180abcpp,0.0,0.0
PE181abcpp,0.009238834521988088,0.009238834521988088
PEAMNOpp,0.0,0.0
PEAMNtex,0.0,0.0
PETNT161pp,0.0,0.0
PETNT181pp,0.0,0.0
PFK,0.0,0.004873671123696965
PFK_2,0.0,0.0
PFK_3,0.0,0.00022490007603437334
PFL,0.0,0.0004498001388987498
PG120abcpp,0.0,0.0
PG140abcpp,0.0,0.0
PG141abcpp,0.0,0.0
PG160abcpp,0.0,0.007813193185545249
PG161abcpp,0.0,0.00607733069209619
PG180abcpp,0.0,0.0
PG181abcpp,0.0031317960280466406,0.0031318003483062173
PGAMT,-0.0518245434988211,-0.051790309115614226
PGI,-18.313822217556083,-18.30913711775717
PGK,0.0,0.00011246787551577597
PGL,26.32784607834523,26.33253117820148
PGLYCP,0.0,0.0
PGM,1.38063655235598,1.3823794046870717
PGMT,-0.14151593948682972,-0.14129103941115773
PGP120abcpp,0.0,0.0
PGP140abcpp,0.0,0.0
PGP141abcpp,0.0,0.0
PGP160abcpp,0.0,0.007813193174463716
PGP161abcpp,0.0,0.006077330683476654
PGP180abcpp,0.0,0.0
PGP181abcpp,0.0,0.0
PGPP120,0.0,0.0
PGPP120pp,0.0,0.0
PGPP140,0.0,0.0
PGPP140pp,0.0,0.0
PGPP141,0.0,0.0
PGPP141pp,0.0,0.0
PGPP160,0.004136348051854242,0.011949546926473414
PGPP160pp,0.0,0.007813193174463684
PGPP161,0.0032173206592221795,0.009294655776374982
PGPP161pp,0.0,0.006077503812177007
PGPP180,0.0,0.0
PGPP180pp,0.0,0.0
PGPP181,0.004790104130840141,0.004790247190778513
PGPP181pp,0.0,0.0
PGSA120,0.0,0.0
PGSA140,0.0,0.0
PGSA141,0.0,0.0
PGSA160,0.011949530459246694,0.011949887340651437
PGSA161,0.009294642967755177,0.009294920559017044
PGSA180,0.0,0.0
PGSA181,0.004790104130840141,0.004790247190778513
PHEMEabcpp,0.0,1.4416671115163393e-06
PHEMEtiex,0.0,1.4416671115163393e-06
PHETA1,-0.13048244070144469,-0.1304765222783999
PHETRS,0.0,0.0
PHEt2rpp,-5.918423040540688e-06,0.0
PHEtex,-5.918423040540688e-06,0.0
PHYTSpp,0.0,0.0
PIt2rpp,0.6713576771780152,0.685549203104544
PItex,0.671657543944962,0.6716586995768963
PIuabcpp,0.0,0.0002998667677331886
PLIPA1A120pp,0.0,0.0
PLIPA1A140pp,0.0,0.0
PLIPA1A141pp,0.0,0.0
PLIPA1A160pp,0.0,0.0
PLIPA1A161pp,0.0,0.0
PLIPA1A180pp,0.0,0.0
PLIPA1A181pp,0.0,0.0
PLIPA1E120pp,0.0,0.0
PLIPA1E140pp,0.0,0.0
PLIPA1E141pp,0.0,0.0
PLIPA1E160pp,0.0,0.0
PLIPA1E161pp,0.0,0.0
PLIPA1E180pp,0.0,0.0
PLIPA1E181pp,0.0,0.0
PLIPA1G120pp,0.0,0.0
PLIPA1G140pp,0.0,0.0
PLIPA1G141pp,0.0,0.0
PLIPA1G160pp,0.0,0.0
PLIPA1G161pp,0.0,0.0
PLIPA1G180pp,0.0,0.0
PLIPA1G181pp,0.0,0.0
PLIPA2A120pp,0.0,0.0
PLIPA2A140pp,0.0,0.0
PLIPA2A141pp,0.0,0.0
PLIPA2A160pp,0.0,0.0
PLIPA2A161pp,0.0,0.0
PLIPA2A180pp,0.0,0.0
PLIPA2A181pp,0.0,0.0
PLIPA2E120pp,0.0,0.0
PLIPA2E140pp,0.0,0.0
PLIPA2E141pp,0.0,0.0
PLIPA2E160pp,0.0,0.0
PLIPA2E161pp,0.0,0.0
PLIPA2E180pp,0.0,0.0
PLIPA2E181pp,0.0,0.0
PLIPA2G120pp,0.0,0.0
PLIPA2G140pp,0.0,0.0
PLIPA2G141pp,0.0,0.0
PLIPA2G160pp,0.0,0.0
PLIPA2G161pp,0.0,0.0
PLIPA2G180pp,0.0,0.0
PLIPA2G181pp,0.0,0.0
PMANM,-0.0002249000918936872,0.0
PMDPHT,0.00032325411444313854,0.0003232545599082394
PMEACPE,1.449570019924388e-06,1.4495720175257371e-06
PMPK,0.00016162705722156927,0.00038652713320620465
PNTK,0.0004174761657380621,0.00041747616573761803
PNTOt4pp,0.0,0.0
PNTOtex,0.0,0.0
POR5,-997.3955170994943,0.07799784720845974
POX,0.0,0.00012851432894839254
PPA,2.581041732142575,2.5993213406337285
PPA2,0.0,0.0002249000246239528
PPAKr,0.0,1000.0
PPALtex,0.0,0.0
PPALtpp,0.0,0.0
PPAt4pp,0.0,0.0
PPAtex,0.0,0.0
PPBNGS,0.0019395246866588311,0.0019452972905199734
PPC,0.0,0.00022490007570574733
PPCDC,0.0004174761657385062,0.0004174767410470251
PPCK,10.116802332248632,10.123868619894397
PPCSCT,0.0,1000.0
PPGPPDP,0.0,0.00011245003800475217
PPK2r,-0.0003865271329233644,6.32730178580232e-05
PPKr,0.0,0.00022490011387077402
PPM,-0.6621659761721936,-0.005801687288064781
PPM2,0.0,0.00022490007722462436
PPNCL2,0.0004174761657380621,0.000417476741047041
PPNDH,0.1304765222783999,0.1304824407014449
PPPGO,0.0,7.496669270207955e-05
PPPGO3,0.0002482874278152414,0.00032469578174544784
PPPNt2rpp,0.0,0.0
PPPNtex,0.0,0.0
PPS,0.0,0.00022517011546342665
PPTHpp,0.0,0.0
PPTtex,0.0,0.0
PRAGSr,0.31534308605901273,0.31536400699622286
PRAIS,0.31534308605901273,0.31536400699622286
PRAIi,0.04003277524025183,0.04003877257560476
PRAMPC,0.06672080887710763,0.06672990510112588
PRASCSi,0.3151814590017912,0.3152023799390013
PRATPP,0.06672080887710763,0.06672989574860305
PRFGS,0.31534308605901273,0.315364006996226
PRMICI,0.06672080887710763,0.06672989574860305
PROD2,0.0,999.8443176294302
PROGLYabcpp,0.0,0.0
PROGLYtex,0.0,0.0
PROTRS,0.0,0.0
PROabcpp,0.0,0.00029986675829718105
PROt2rpp,-1000.0,0.0
PROt4pp,0.0,1000.0
PROtex,-1.1533337485464257e-05,0.0
PRPPS,0.0,0.6561396589054236
PSCLYSt2pp,0.0,0.0
PSCLYStex,0.0,0.0
PSCVT,0.2695649400449035,0.2695711516344851
PSD120,0.0,0.0
PSD140,0.0,0.0
PSD141,0.0,0.0
PSD160,0.03200940517997034,0.03200944934396913
PSD161,0.024896365092201365,0.024896399442200425
PSD180,0.0,0.0
PSD181,0.012831593816370682,0.012831611520370198
PSERT,1.3809598422172593,1.3823794046356923
PSERtex,0.0,0.0
PSP_L,1.3809598422172593,1.3823794046356923
PSP_Lpp,0.0,0.0
PSSA120,0.0,0.0
PSSA140,0.0,0.0
PSSA141,0.0,0.0
PSSA160,0.03200940517997034,0.03200944929100317
PSSA161,0.024896365092201365,0.02489639940100441
PSSA180,0.0,0.0
PSSA181,0.012831593816370682,0.012831611499137759
PTA2,0.0,1000.0
PTAr,-0.42900263846672715,-0.4285528383144772
PTHRpp,0.0,0.0
PTPATi,0.00041747616573761803,0.0004174767410470251
PTRCORNt7pp,-0.0004498001517871941,0.0
PTRCTA,0.0,7.496669207102125e-05
PTRCabcpp,0.0,0.00017992005120390694
PTRCt2pp,0.0,0.00044980015184314937
PTRCtex,-1.0460468637257803e-05,0.0
PUNP1,-0.02422977960033279,-0.005801455818861903
PUNP2,-0.00017992005608999384,0.018203192247270295
PUNP3,-0.01820346226777758,0.00011245003475668369
PUNP4,0.0,0.02285223334835962
PUNP5,-0.00022490007562225856,0.00011245001231596774
PUNP6,0.0,0.000179920060613902
PUNP7,-0.00022490007567910197,0.00022490006921316308
PYAM5PO,0.0,0.00133993325788585
PYDAMK,0.0,0.00022490007567910197
PYDAMtex,0.0,0.0
PYDAMtpp,0.0,0.0
PYDXK,0.0,0.00022490007567910197
PYDXNK,0.0,0.00022490007567910197
PYDXNtex,0.0,0.0
PYDXNtpp,0.0,0.0
PYDXPP,0.0,0.00022490007567910197
PYDXtex,0.0,0.0
PYDXtpp,0.0,0.0
PYK,0.0,0.0
PYNP2r,-0.00022490007569331283,0.018090742207873767
PYRt2rpp,-2.5702865116272733e-05,0.0
PYRtex,-2.5702865116272733e-05,0.0
QMO2,0.0,0.0
QMO3,0.0,0.0
QUIN2tex,-8.73398328038455e-06,0.0
QUIN2tpp,-8.73398328038455e-06,0.0
QULNS,0.0016517850373247711,0.0016517850373247711
R15BPK,0.0,0.6561393888140595
R1PK,0.0,0.6561393888140595
R5PP,0.0,0.00022490007567910197
R5PPpp,0.0,0.0
R5Ptex,0.0,0.0
RBFK,0.00016162705722156927,0.00016162705722156927
RBFSa,0.0006465082288862771,0.0006465082288862771
RBFSb,0.00032325411444313854,0.0003232545599082392
RBK,0.0,0.0002249000756821282
RBK_L1,0.0,0.0
RBP4E,0.0,0.0
REPHACCOAI,0.0,0.0
RFAMPtex,0.0,0.0008996003451837709
RFAMPtpp,0.0,0.0008996003451837709
RHAT1,0.005907722616143474,0.0059080112270275325
RHCCE,0.0009712119130949067,0.0009821826482109778
RIBabcpp,0.0,0.0
RIBtex,0.0,0.0
RMI,0.0,0.0
RMK,0.0,0.0
RMNtex,0.0,0.0
RMNtpp,0.0,0.0
RMPA,0.0,0.0
RNDR1,0.0,0.03618148436705024
RNDR1b,0.0,0.036181484426194205
RNDR2,0.0,0.0367663859457065
RNDR2b,0.0,0.036766385916886885
RNDR3,0.0,0.018788093750643397
RNDR3b,0.0,0.01878809377352153
RNDR4,0.0,0.01805325886225051
RNDR4b,0.0,0.01805325886395792
RNTR1c2,0.0,0.018090742204180835
RNTR2c2,0.0,0.01878809369891256
RNTR3c2,0.0,0.018675643713564824
RNTR4c2,0.0,0.018053258846850422
RPE,11.47528245372909,11.47989467056668
RPI,-6.548567140182478,-6.546262073357581
RZ5PP,0.0,0.0
S2FE2SR,0.0,1.449570019924388e-06
S2FE2SS,0.0,0.00012114734864354659
S2FE2SS2,0.0,0.00011258495175070493
S2FE2ST,0.0,1.7394862356257607e-05
S4FE4SR,0.0,0.00011244992851046718
S4FE4ST,0.0,0.00011256566600649863
S7PI,0.023630890464573895,0.023632046096298223
SADH,0.0,3.59840111402443e-05
SADT2,0.1796430382127698,0.17966395915008315
SARCOX,0.0,0.0
SBTptspp,0.0,0.0
SBTtex,0.0,0.0
SCYSDS,0.0,0.0004497997254646848
SDPDS,0.2616655082215915,0.2616738378538186
SDPTA,-0.2616738378538186,-0.2616738378538186
SELCYSS,0.0,0.0
SELGTHR,0.0,0.0
SELNPS,0.0,0.0
SELR,0.0,0.0
SELtex,0.0,0.0
SELtpp,0.0,0.0
SEPHCHCS,0.00032325411444313854,0.00032325456036671454
SERASr,0.00048488117166470783,0.0005411061906582804
SERAT,0.17964303821277025,0.18207987377756885
SERD_D,0.0,0.0002249000759632358
SERD_L,0.0,0.00022490007571099313
SERTRS,0.0,0.0
SERTRS2,0.0,0.0
SERt2rpp,-1000.0,0.0
SERt4pp,0.0,1000.0
SERtex,-2.3066674530005208e-05,0.0
SFGTHi,0.0,0.0
SGDS,0.0,3.59840111402443e-05
SHCHCS3,0.00032325411444313854,0.00032325411444313854
SHCHF,0.00016162705722156927,0.00016162705722156927
SHKK,0.2695649400449035,0.2695711516344851
SHSL1,0.11328752098073694,0.1132904704905613
SKMt2pp,0.0,0.0
SKMtex,0.0,0.0
SLNTtex,0.0,0.0
SLNTtpp,0.0,0.0
SO2tex,0.0,0.0
SO2tpp,0.0,0.0
SO3tex,0.0,0.0
SO4t2pp,0.1823332743495466,0.18265442210118885
SO4tex,0.1826335011638738,0.18265442210118885
SOTA,0.0,3.59840111402443e-05
SPMDAT1,0.0,0.0
SPMDAT2,0.0,0.0
SPMDabcpp,0.0,0.00017992001251627607
SPMDt3pp,0.0,0.0001799200125491144
SPMDtex,-2.9495084165644114e-06,0.0
SPMS,0.0048879501072178755,0.004890899615601354
SPODM,0.0,0.0
SPODMpp,0.0,0.0
SUCASPtpp,0.0,0.0
SUCBZL,0.00032325411444313854,0.00032325411444313854
SUCBZS,0.00032325411444313854,0.00032325411444313854
SUCCt2_2pp,0.0,0.00029986676000604007
SUCCt2_3pp,0.0,0.00022490007551634328
SUCCt3pp,0.0,0.00029986677481019797
SUCCtex,-1.8741672461963788e-05,0.0
SUCDi,0.0,999.4994864710004
SUCFUMtpp,0.0,0.0
SUCMALtpp,0.0,0.0
SUCOAS,-998.8911165208546,1.1098018209700111
SUCRtex,0.0,0.0
SUCTARTtpp,0.0,0.0
SUCptspp,0.0,0.0
SULFACabcpp,0.0,0.0
SULFACtex,0.0,0.0
SULabcpp,0.0,0.00029986669224512833
T2DECAI,0.0,7.496669756693053e-05
TALA,5.860577656761983,5.862995173591007
TARTD,0.0,0.0
TARTRDtex,0.0,0.0
TARTRt7pp,0.0,0.0
TARTRtex,0.0,0.0
TARTt2_3pp,0.0,0.0
TAUDO,0.0,0.0
TAURabcpp,0.0,0.0
TAURtex,0.0,0.0
TCYNTtex,0.0,0.0
TDP,0.0,0.00022490007563912302
TDPADGAT,0.0,0.0
TDPAGTA,0.0,0.0
TDPDRE,0.005907722616143474,0.0059080112270275325
TDPGDH,0.005907722616143474,0.0059080112270275325
TDSK,0.005907722616029787,0.0059082898293203595
TDSR1,0.0,0.0
TDSR2,0.0,0.0
TGBPA,0.0,0.0
THDPS,0.2616655082215915,0.2616738378538186
THFAT,0.0,1000.0
THIORDXi,0.0,6.425716610847232e-05
THMDt2pp,0.0,1000.0
THMDt2rpp,-1000.0,0.0
THMDtex,-5.663686653750721e-06,0.0
THMabcpp,0.0,0.0
THMtex,0.0,0.0
THRA2i,0.0,999.6199742577309
THRAi,0.0,999.6199741034035
THRD_L,0.20461115702244115,0.2047237420863206
THRPtex,0.0,0.0
THRS,0.0,0.0001499333837692851
THRTRS,0.0,0.0
THRabcpp,0.0,0.0002998667755965282
THRt2pp,0.0,0.0004498001495048861
THRt2rpp,-1000.0,0.00044980019155138606
THRt4pp,0.0,1000.0
THRtex,-1.551035009694779e-05,0.0
THYMt3pp,0.0,1.1245003477822202e-05
THYMtex,-1.1245003477822202e-05,0.0
TKT1,5.884319955661867,5.886626064080574
TKT2,5.590962498095168,5.593268606513876
TMAOR1,0.0,0.0
TMAOR1pp,0.0,0.0
TMAOR2,0.0,0.0
TMAOR2pp,0.0,0.0
TMAOtex,0.0,0.0
TMAtex,0.0,0.0
TMDK1,0.0,0.00022490007591358108
TMDPP,0.0,1.1245003477822202e-05
TMDS,0.017978292171846988,0.017989548748492432
TMK,0.0,0.0
TMPK,0.00016162705722156927,0.0003865271328606923
TMPPP,0.00016162705722156927,0.00016162705722156927
TPI,-7.028270072237904,-7.028157608821468
TPRDCOAS,0.0,0.0
TRE6PH,0.0,0.00011245003783333374
TRE6PP,0.0,7.496668982298615e-05
TRE6PS,0.0,0.00011245003783333374
TREH,0.0,7.496668982298615e-05
TREHpp,0.0,0.0
TREptspp,0.0,0.0
TREtex,0.0,0.0
TRPAS2,-0.04003761179989379,-0.03980787516451231
TRPS1,0.0,0.00022490001123334769
TRPS2,0.0,0.00022490007572707749
TRPS3,0.039807643706480336,0.04003877257560293
TRPTRS,0.0,0.0
TRPt2rpp,-4.8371369058414215e-06,0.0
TRPtex,-4.8371369058414215e-06,0.0
TSULabcpp,0.0,0.0
TSULtex,0.0,0.0
TTDCAtexi,0.0,0.0
TTDCEAtexi,0.0,0.0
TTRCYCtex,0.0,0.0008996003451837709
TTRCYCtpp,0.0,0.0008996003451837709
TUNGSabcpp,0.0,0.0
TUNGStex,0.0,0.0
TYMtex,0.0,0.0
TYROXDApp,0.0,0.0
TYRPpp,0.0,0.0
TYRPtex,0.0,0.0
TYRTA,-0.097283949036645,-0.09727774489681451
TYRTRS,0.0,0.0
TYRt2rpp,-6.2051253539724405e-06,2.543771818755739e-13
TYRtex,-6.2051253539724405e-06,0.0
ThDPAT,0.0,0.0
U23GAAT,0.011815445232059574,0.01181657965864407
UAAGDS,0.019987396219727428,0.019990691471269417
UACGALPpp,0.0,0.0
UACGAMPpp,0.0,0.0
UACGAMtex,0.0,0.0
UAG2E,0.0,0.0
UAGAAT,0.011815445232059574,0.01181657965864407
UAGCVT,0.019987396219727428,0.020004531497612617
UAGDP,0.05179023767151443,0.05182450822728481
UAGPT3,0.019987396219727428,0.020004531497612617
UAMAGS,0.019987396219727428,0.019990691471270916
UAMAS,0.019987396219727428,0.019990691471270916
UDCPDP,0.019987396219727428,0.02000453149066148
UDCPDPS,3.986317554792068e-05,3.986317554792068e-05
UDCPDPpp,0.0,0.0
UDCPPtppi,0.0,0.0
UDPACGALtex,0.0,0.0
UDPG4E,0.0,0.0
UDPGALM,0.0,0.0
UDPGALPpp,0.0,0.0
UDPGALtex,0.0,0.0
UDPGLCURtex,0.0,0.0
UDPGPpp,0.0,0.0
UDPGtex,0.0,0.0
UDPKAAT,0.0,0.0
UGLCURPpp,0.0,0.0
UGLT,0.0,0.0
UGLYCH,0.0,2.0920937273405382e-05
UGMDDS,0.019987396219727428,0.020004531497629856
UHGADA,0.011815445232059574,0.01181657965864407
ULA4NFT,0.0,0.0
ULA4Ntppi,0.0,0.0
UM3PL,0.0,1.7135277814177168e-05
UM4PCP,0.0,1.6973590243194586e-05
UM4PL,0.0,1.6973590243194586e-05
UMPK,0.24008286019488856,0.2581736024044565
UMPtex,0.0,0.0
UPLA4FNF,0.0,0.0
UPLA4FNT,0.0,0.0
UPP3MT,0.00016162705722156927,0.00016162705722156927
UPP3S,0.0004848811716647078,0.0004863245698855938
UPPDC1,0.00032325411444313854,0.0003246975126640245
UPPRT,0.0,0.00011258506113742683
URACPAH,0.0,1.2670427709776666e-05
URAt2pp,0.0,1000.0
URAt2rpp,-1000.0,0.0
URAtex,-1.7639221622983703e-05,0.0
UREAtex,-5.997333826690543e-05,0.0
UREAtpp,-5.997333826690543e-05,0.0
URIC,0.0,2.092093727479316e-05
URIH,0.0,0.0002249000756577857
URIK2,0.0,0.00022490006953346242
URIt2pp,0.0,1000.0
URIt2rpp,-1000.0,0.0
URItex,-7.4423650917032624e-06,0.0
USHD,0.005907722616029787,0.005907722616029787
VALTA,-1000.0,999.303895457667
VALTRS,0.0,0.0
VALabcpp,0.0,0.0002998667755965282
VALt2rpp,-0.0002998667755965282,0.0
VALtex,-1.0720550007004004e-05,0.0
VPAMTr,-999.7019800004637,999.6019154572034
WCOS,0.0,0.0
X5PL3E,0.0,0.0
XANt2pp,0.0,0.0008996002988723717
XANtex,-1.1994670384124495e-05,0.0
XANtpp,-0.0008996003091414906,0.0
XMPtex,0.0,0.0
XPPT,0.0,0.00011245003799897901
XTSNH,0.0,0.00022490007570041826
XTSNt2rpp,-6.247224330430123e-06,0.0
XTSNtex,-6.247224330430123e-06,0.0
XYLI1,0.0,0.0
XYLI2,-0.00022490002461950098,0.000899600277857637
XYLK,0.0,0.0
XYLK2,0.0,0.0
XYLUt2pp,0.0,0.0
XYLUtex,0.0,0.0
XYLabcpp,0.0,0.0
XYLt2pp,0.0,0.0
XYLtex,0.0,0.0
ZN2abcpp,0.0,0.00022490007567910197
ZN2t3pp,0.0,0.0008996002853258744
ZN2tpp,9.93026754154348e-06,0.0011344306285536252
ZNabcpp,0.0,0.0002249000822018843
Zn2tex,0.00023483034322775088,0.00023483066683917836
Ec_biomass_iJO1366_WT_53p95M,0.7247850099621941,0.7247860087628961
Ec_biomass_iJO1366_core_53p95M,0.0,0.0
2DGULRGx,-1000.0,1000.0
2DGULRGy,-1000.0,1000.0
2DGULRx,-1000.0,1000.0
2DGULRy,-1000.0,1000.0
3HCINNMH,0.0,0.0
3HPPPNH,0.0,0.0
3OAR100,0.0,0.00011245004197701913
3OAR120,0.0,0.00022517012431388927
3OAR121,0.0,7.496669756693053e-05
3OAR140,0.023630890464119148,0.023856022019931755
3OAR141,0.0,7.505669082999433e-05
3OAR160,0.0,0.0002248998626778187
3OAR161,0.06838201611991308,0.06851053045300212
3OAR180,0.0,0.0
3OAR181,0.0,0.00012851433308903176
3OAR40,0.0,7.641624779963904e-05
3OAR60,0.0,7.641624779963904e-05
3OAR80,0.0,7.641624779963904e-05
5DGLCNR,-1000.0,1000.0
ABUTD,0.0,7.496669207102125e-05
ACALD,-0.00022490006986397582,999.616949889406
AGPR,-0.23743170498680044,-0.23731925495174294
AKGDH,-0.73477776297479,-0.7338594210227999
ALCD19,0.0,0.0
ALCD2x,-2.141905488273199e-05,0.0
ALDD19xr,0.0,0.0
ALDD2x,0.0,0.00022517011650408092
ALDD2y,0.0,0.00022517011650408092
ALDD3y,0.0,0.0
ALDD4,0.0,0.0
ALR2,-1000.0,1000.0
ALR4x,-1000.0,1000.0
AMPMS2,0.00016162705722156927,0.00016162727995412495
APPLDHr,0.0,0.0
APRAUR,0.00032325411444313854,0.0003232545599082499
ASAD,-0.3751029625862849,-0.37495354591330704
ATHRDHr,-999.6199742577309,0.0
BETALDHx,0.0,0.0
BETALDHy,0.0,0.0
BSORx,0.0,0.0
BSORy,0.0,0.0
CDGR,0.0,0.0
CHOLD,0.0,0.0
CINNDO,0.0,0.0
DHBD,0.0004848811716647078,0.0004905154114094312
DHCIND,0.0,0.0
DHDPRy,0.2616655082215915,0.2616738378538186
DHFR,0.01862480040073322,0.018636045404221705
DHMPTR,0.0,0.0
DHPPD,0.0,0.0
DHPTDNR,-1000.0,1000.0
DHPTDNRN,-1000.0,1000.0
DKGLCNR1,-1000.0,1000.0
DKGLCNR2x,-1000.0,1000.0
DKGLCNR2y,-1000.0,1000.0
DMPPS,0.0,0.004802568902798509
DOGULNR,0.0,0.0
DPR,0.0004174761657385062,0.00041748863386800115
DSERDHr,-0.0002249000759632358,0.0
DURADx,0.0,0.0
DXPRIi,0.004802425476009498,0.004802568902798509
E4PD,0.00016162705722156927,0.00016163188429279619
EAR100x,0.0,0.00011245004185267415
EAR100y,0.0,0.00011245004459537059
EAR120x,0.0,0.00022517012431388927
EAR120y,0.0,0.00022517012431388927
EAR121x,0.0,7.496669756693053e-05
EAR121y,0.0,7.496669756693053e-05
EAR140x,0.0,0.00022490009920228538
EAR140y,0.0,0.0002249001060163902
EAR141x,0.0,7.496667855755312e-05
EAR141y,0.0,7.496667855755312e-05
EAR160x,0.0,0.00022489986262807984
EAR160y,0.0,0.00022489986262807984
EAR161x,0.0,0.06851053045300212
EAR161y,0.0,0.06851053045300212
EAR180x,0.0,0.0
EAR180y,0.0,0.0
EAR181x,0.0,0.00012851433308903176
EAR181y,0.0,0.00012851433308903176
EAR40x,0.0,7.641624779963904e-05
EAR40y,0.0,7.641624779963904e-05
EAR60x,0.0,7.641624779963904e-05
EAR60y,0.0,7.641624779963904e-05
EAR80x,0.0,7.641624779963904e-05
EAR80y,0.0,7.641624779963904e-05
EGMEACPR,1.449570019924388e-06,1.449570019924388e-06
EPMEACPR,1.449570019924388e-06,1.449570019924388e-06
FADRx,-1000.0,1000.0
FADRx2,-1000.0,1000.0
FALDH2,0.0,0.0
FLDR2,0.0,997.4734024967063
FLVR,0.0,5.997335323210487e-05
FLVRx,0.0,5.9973351659436945e-05
FMNRx,0.0,5.997335338937166e-05
FMNRx2,0.0,5.997335338937166e-05
G3PD2,-0.11745701491101575,-0.11693224808081368
G5SD,0.0,0.00022490008222320057
G6PDH2r,26.327846078350614,26.33253117820148
GALCTLO,0.0,0.0
GAPD,-0.00011246787551577597,0.0
GCALDD,0.0006465082288862334,0.0006465082288863444
GGGABADr,0.0,5.622501751329562e-05
GHBDHx,0.0,0.0
GLTPD,0.0,0.0
GLUDy,-1000.0,-5.863613795734733
GLUSy,0.0,0.00022490002615671578
GLUTRR,0.0038790493733176622,0.003890582710536789
GLYCDx,-0.00022490006948316932,0.0
GLYCL,-0.1557720982250132,-0.14981621471236428
GLYCLTDx,-1000.0,999.9996533585041
GLYCLTDy,-1000.0,999.9996533585052
GMPR,0.0,7.496669395939959e-05
GND,18.039913161548988,18.046831486713987
GOFUCR,0.0,0.0
GTHOr,0.0,0.2529509099881292
HACD1,0.22691537708041004,0.2269917933442048
HACD2,0.22691537708041004,0.2269917933442048
HACD3,0.22691537708041004,0.2269943393827437
HACD4,0.22687716896064458,0.2269921650277138
HACD5,0.22676471891090522,0.2269921650277138
HACD6,0.1972258357916612,0.19745182419694243
HACD7,0.12293636718559944,0.12316143710085092
HACD8,0.032458440992571155,0.035243444520420275
HADPCOADH3,0.0,0.0
HISTD,0.06672080887710763,0.06672989574860305
HPYRRx,-1000.0,1000.0
HPYRRy,-1000.0,1000.0
HSDy,-0.11343745435626817,-0.11328752098191913
HXAND,-0.00022490007567199655,0.00011245003760329553
ICDHyr,0.05389414645107116,0.054813591116744664
IDOND,-1000.0,1000.0
IDOND2,-1000.0,1000.0
IMPD,0.17133979278188807,0.1716771428915427
IPDPS,0.0,0.004802432094062733
IPMD,0.31729493209127213,0.3173035085312881
KARA1,-0.6157431173207373,-0.615740984233321
KARA2,0.20461115702244115,0.20461957315494073
LALDO2x,-1000.0,1000.0
LALDO3,0.0,0.00029986676756266206
LCADi,0.0,0.00029990248813405174
LCARR,-1000.0,1000.0
LCARS,0.0,1.6064290681387188e-05
LDH_D,-0.0002998667260101229,0.0
LIPOS,2.1743550298865823e-06,2.1743550298865823e-06
LSERDHr,0.0,0.0002249000759632358
M1PD,0.0,0.0
MALDDH,0.0,0.0
MANAO,0.0,0.0
MDH,11.853229212894925,1000.0
ME1,-1000.0,988.1460539748897
ME2,-1000.0,988.1460549007256
MOADSUx,0.0003565942249013995,0.0003565947163113314
MSAR,0.0,1.2670427709776666e-05
MTHFD,0.6950176562685498,0.6976318810947881
MTHFR2,0.1144203599527445,0.11442331249468994
NADH10,0.0,0.00017992002467508427
NADH16pp,-963.8169244848651,35.6852745650091
NADH17pp,0.0,0.0004503401405884233
NADH18pp,0.5005135289774834,1000.0
NADH5,0.0,0.0002998667598793266
NADH9,0.0,0.00029986675122965306
NADPHQR2,0.0,0.0002998667598793266
NADPHQR3,0.0,0.00017992002490530012
NADPHQR4,0.0,0.0002998667593132609
NHFRBO,0.0,6.9200021393101e-05
NODOx,0.0,0.0
NODOy,0.0,0.0
NTRIR2x,0.0,0.0
OGMEACPR,1.449570019924388e-06,1.449570019924388e-06
OMMBLHX3,0.0,0.00016163184404385385
OMPHHX3,0.0,0.00016163184404385385
OPHHX3,0.0,0.0001616318440438583
OPMEACPR,1.449570019924388e-06,1.4496129510659935e-06
OXCOAHDH,0.0,0.0
P5CD,-0.15569390390675864,-0.15545747049311132
P5CR,0.1556823705698207,1000.0
PACCOAE,0.0,0.0
PDH,2.526597503451785,1000.0
PDX5PO2,-0.0011783062047470594,0.0001616318840635521
PDX5PS,0.00016162705722156927,0.0001616318840635521
PERD,0.00016162705722156927,0.0001616318840635521
PGCD,1.380959842208953,1.3823794046359728
POAACR,0.0,1.2670427709776666e-05
PPND,0.09727774489681451,0.097283949036645
PPPNDO,0.0,0.0
PYROX,0.0,1.2670427709776666e-05
QUINDH,-8.73398328038455e-06,0.0
SBTPD,0.0,0.0
SELGTHR2,0.0,0.0
SELGTHR3,0.0,0.0
SGSAD,0.0,3.59840111402443e-05
SHCHD2,0.00016162705722156927,0.00016162705722156927
SHK3Dr,0.2695649400449034,0.2695711516344851
SSALx,0.0,0.00022490001132702275
SSALy,0.0,0.00022490001132702275
SULRi,0.17964303821276992,0.17966395915008315
TAGURr,0.0,0.0
TDPDRR,0.005907722616143474,0.00590801122702711
THD2pp,0.0,0.0004498001827828446
THRD,-1000.0,-0.38312507730425804
THZPSN3,0.00016162705722156927,0.00016162727995412584
TRDR,0.0,0.2575996810535165
TRSARr,-1000.0,1000.0
TYRL,0.00016162705722156927,0.00016162705722156927
UACMAMO,0.0,0.0
UAPGR,0.019987396219727428,0.020004531493660098
UDPGD,0.0,0.0
UDPGDC,0.0,0.0
URDGLYCD,0.0,1.874167297296244e-05
XAND,0.0,2.092093690869712e-05
